,Category,currency,sellerRating,Duration,endDay,ClosePrice,OpenPrice,Competitive
0,Music/Movie/Game,US,3249,5,Mon,0.01,0.01,0
1,Music/Movie/Game,US,3249,5,Mon,0.01,0.01,0
2,Music/Movie/Game,US,3249,5,Mon,0.01,0.01,0
3,Music/Movie/Game,US,3249,5,Mon,0.01,0.01,0
4,Music/Movie/Game,US,3249,5,Mon,0.01,0.01,0
5,Music/Movie/Game,US,3249,5,Mon,0.01,0.01,0
6,Music/Movie/Game,US,3249,5,Mon,0.01,0.01,0
7,Music/Movie/Game,US,3249,5,Mon,0.01,0.01,0
8,Music/Movie/Game,US,3249,5,Mon,0.01,0.01,0
9,Music/Movie/Game,US,3249,5,Mon,0.01,0.01,0
10,Music/Movie/Game,US,3249,5,Mon,0.01,0.01,0
11,Music/Movie/Game,US,3249,5,Mon,0.01,0.01,0
12,Music/Movie/Game,US,3249,5,Mon,0.01,0.01,0
13,Music/Movie/Game,US,3249,5,Mon,0.01,0.01,0
14,Music/Movie/Game,US,3249,5,Mon,0.01,0.01,0
15,Music/Movie/Game,US,3249,5,Mon,0.01,0.01,0
16,Automotive,US,3115,7,Tue,0.01,0.01,0
17,Automotive,US,3115,7,Tue,0.01,0.01,0
18,Automotive,US,3115,7,Tue,0.01,0.01,0
19,Automotive,US,3115,7,Tue,0.01,0.01,0
20,Automotive,US,3115,7,Tue,0.01,0.01,1
21,Automotive,US,3115,7,Tue,0.01,0.01,1
22,Music/Movie/Game,US,37727,7,Mon,0.01,0.01,0
23,Music/Movie/Game,US,3249,5,Mon,0.06,0.01,1
24,Music/Movie/Game,US,3249,5,Mon,0.1,0.01,1
25,SportingGoods,US,34343,1,Fri,0.11,0.01,1
26,Music/Movie/Game,US,3249,5,Mon,0.11,0.01,1
27,Music/Movie/Game,US,3249,5,Mon,0.17,0.01,1
28,Music/Movie/Game,US,3249,5,Mon,0.17,0.01,1
29,Music/Movie/Game,US,3249,5,Mon,0.21,0.01,1
30,Music/Movie/Game,US,3249,5,Mon,0.55,0.01,1
31,Music/Movie/Game,US,3249,5,Mon,0.55,0.01,1
32,Music/Movie/Game,US,3249,5,Mon,1.05,0.01,1
33,Music/Movie/Game,US,3249,5,Mon,1.25,0.01,1
34,Music/Movie/Game,US,3249,5,Mon,1.25,0.01,1
35,Music/Movie/Game,US,3249,5,Mon,1.25,0.01,1
36,Music/Movie/Game,US,3249,5,Mon,1.25,0.01,1
37,Music/Movie/Game,US,3249,5,Mon,1.29,0.01,1
38,Music/Movie/Game,US,3249,5,Mon,1.3,0.01,1
39,Music/Movie/Game,US,3249,5,Mon,1.32,0.01,1
40,Music/Movie/Game,US,3249,5,Mon,1.32,0.01,1
41,Music/Movie/Game,US,3249,5,Mon,1.37,0.01,1
42,Music/Movie/Game,US,3249,5,Mon,1.5,0.01,1
43,Music/Movie/Game,US,3249,5,Mon,1.58,0.01,1
44,Music/Movie/Game,US,3249,5,Mon,1.75,0.01,1
45,Music/Movie/Game,US,3249,5,Mon,2.0,0.01,1
46,Music/Movie/Game,US,3249,5,Mon,2.0,0.01,1
47,Music/Movie/Game,US,3249,5,Mon,2.0,0.01,1
48,Music/Movie/Game,US,3249,5,Mon,2.05,0.01,1
49,Music/Movie/Game,US,3249,5,Mon,2.13,0.01,1
50,Music/Movie/Game,US,3249,5,Mon,2.25,0.01,1
51,Music/Movie/Game,US,3249,5,Mon,2.25,0.01,1
52,Music/Movie/Game,US,3249,5,Mon,2.3,0.01,1
53,Automotive,US,3115,7,Tue,2.31,0.01,1
54,Music/Movie/Game,US,3249,5,Mon,2.33,0.01,1
55,Music/Movie/Game,US,3249,5,Mon,2.8,0.01,1
56,Music/Movie/Game,US,3249,5,Mon,3.0,0.01,1
57,Music/Movie/Game,US,3249,5,Mon,3.0,0.01,1
58,Music/Movie/Game,US,3249,5,Mon,3.01,0.01,1
59,Music/Movie/Game,US,3249,5,Mon,3.06,0.01,1
60,Music/Movie/Game,US,3249,5,Mon,3.08,0.01,1
61,Music/Movie/Game,US,3249,5,Mon,3.25,0.01,1
62,Music/Movie/Game,US,3249,5,Mon,3.25,0.01,1
63,Music/Movie/Game,US,3249,5,Mon,3.25,0.01,1
64,Music/Movie/Game,US,3249,5,Mon,3.25,0.01,1
65,Music/Movie/Game,US,3249,5,Mon,3.26,0.01,1
66,Music/Movie/Game,US,3249,5,Mon,3.27,0.01,1
67,Music/Movie/Game,US,3249,5,Mon,3.3,0.01,1
68,Music/Movie/Game,US,3249,5,Mon,3.31,0.01,1
69,Music/Movie/Game,US,3249,5,Mon,3.36,0.01,1
70,Music/Movie/Game,US,3249,5,Mon,3.5,0.01,1
71,Music/Movie/Game,US,3249,5,Mon,3.55,0.01,1
72,Music/Movie/Game,US,3249,5,Mon,3.75,0.01,1
73,Music/Movie/Game,US,3249,5,Mon,3.75,0.01,1
74,Music/Movie/Game,US,3249,5,Mon,3.76,0.01,1
75,Music/Movie/Game,US,3249,5,Mon,3.8,0.01,1
76,Music/Movie/Game,US,3249,5,Mon,3.8,0.01,1
77,Music/Movie/Game,US,3249,5,Mon,3.84,0.01,1
78,Music/Movie/Game,US,3249,5,Mon,4.17,0.01,1
79,Music/Movie/Game,US,3249,5,Mon,4.25,0.01,1
80,Music/Movie/Game,US,3249,5,Mon,4.25,0.01,1
81,Music/Movie/Game,US,3249,5,Mon,4.25,0.01,1
82,Music/Movie/Game,US,3249,5,Mon,4.25,0.01,1
83,Music/Movie/Game,US,37727,7,Mon,4.26,0.01,1
84,Music/Movie/Game,US,3249,5,Mon,4.29,0.01,1
85,Music/Movie/Game,US,3249,5,Mon,4.31,0.01,1
86,Music/Movie/Game,US,3249,5,Mon,4.4,0.01,1
87,Music/Movie/Game,US,3249,5,Mon,4.54,0.01,1
88,Music/Movie/Game,US,3249,5,Mon,4.75,0.01,1
89,Music/Movie/Game,US,3249,5,Mon,4.9,0.01,1
90,Music/Movie/Game,US,3249,5,Mon,5.0,0.01,1
91,Music/Movie/Game,US,3249,5,Mon,5.0,0.01,1
92,Music/Movie/Game,US,3249,5,Mon,5.01,0.01,1
93,Music/Movie/Game,US,3249,5,Mon,5.5,0.01,1
94,Music/Movie/Game,US,3249,5,Mon,5.5,0.01,1
95,Music/Movie/Game,US,3249,5,Mon,5.5,0.01,1
96,Music/Movie/Game,US,3249,5,Mon,5.52,0.01,1
97,Music/Movie/Game,US,3249,5,Mon,5.52,0.01,1
98,Music/Movie/Game,US,3249,5,Mon,6.0,0.01,1
99,Music/Movie/Game,US,3249,5,Mon,6.01,0.01,1
100,Music/Movie/Game,US,3249,5,Mon,6.15,0.01,1
101,Music/Movie/Game,US,3249,5,Mon,6.18,0.01,1
102,Music/Movie/Game,US,3249,5,Mon,6.5,0.01,1
103,Music/Movie/Game,US,3249,5,Mon,6.5,0.01,1
104,Music/Movie/Game,US,3249,5,Mon,6.5,0.01,1
105,Music/Movie/Game,US,3249,5,Mon,6.5,0.01,1
106,Home/Garden,GBP,29,7,Thu,11.6000000025,0.01784615385,1
107,Music/Movie/Game,US,3249,5,Mon,6.55,0.01,1
108,Music/Movie/Game,US,3249,5,Mon,6.71,0.01,1
109,Music/Movie/Game,US,3249,5,Mon,7.0,0.01,1
110,Music/Movie/Game,US,3249,5,Mon,7.0,0.01,1
111,Music/Movie/Game,US,3249,5,Mon,7.0,0.01,1
112,Music/Movie/Game,US,3249,5,Mon,7.05,0.01,1
113,Music/Movie/Game,US,3249,5,Mon,7.5,0.01,1
114,Music/Movie/Game,US,3249,5,Mon,7.5,0.01,1
115,Music/Movie/Game,US,3249,5,Mon,7.5,0.01,1
116,Music/Movie/Game,US,3249,5,Mon,7.51,0.01,1
117,Music/Movie/Game,US,3249,5,Mon,7.55,0.01,1
118,Music/Movie/Game,US,3249,5,Mon,8.01,0.01,1
119,Music/Movie/Game,US,3249,5,Mon,8.05,0.01,1
120,Music/Movie/Game,US,3249,5,Mon,8.05,0.01,1
121,Music/Movie/Game,US,3249,5,Mon,8.26,0.01,1
122,Music/Movie/Game,US,3249,5,Mon,8.49,0.01,1
123,Music/Movie/Game,US,3249,5,Mon,8.5,0.01,1
124,Music/Movie/Game,US,3249,5,Mon,8.5,0.01,1
125,Music/Movie/Game,US,3249,5,Mon,9.39,0.01,1
126,Music/Movie/Game,US,3249,5,Mon,9.5,0.01,1
127,Music/Movie/Game,US,3249,5,Mon,9.99,0.01,1
128,Music/Movie/Game,US,3249,5,Mon,10.0,0.01,1
129,Music/Movie/Game,US,3249,5,Mon,10.0,0.01,1
130,Music/Movie/Game,US,3249,5,Mon,10.5,0.01,1
131,Music/Movie/Game,US,3249,5,Mon,10.5,0.01,1
132,Music/Movie/Game,US,3249,5,Mon,10.5,0.01,1
133,Books,US,352,7,Sat,11.5,0.01,1
134,Music/Movie/Game,US,3249,5,Mon,11.55,0.01,1
135,Music/Movie/Game,US,3249,5,Mon,11.71,0.01,1
136,Music/Movie/Game,US,3249,5,Mon,15.5,0.01,1
137,Home/Garden,GBP,2991,7,Thu,0.9800000001000001,0.5345454546,1
138,Music/Movie/Game,US,3249,5,Mon,18.0,0.01,1
139,Music/Movie/Game,US,3249,5,Mon,18.5,0.01,1
140,Collectibles,US,1,5,Tue,20.7,0.01,1
141,Collectibles,US,1,5,Fri,22.0,0.01,1
142,Collectibles,US,1,5,Fri,23.65,0.01,1
143,Business/Industrial,US,5450,3,Sun,26.0,0.01,1
144,Collectibles,US,1,5,Tue,26.0,0.01,1
145,Music/Movie/Game,US,3249,5,Mon,27.0,0.01,1
146,Music/Movie/Game,GBP,1029,7,Thu,1.0699999998,1.0699999998,0
147,Music/Movie/Game,GBP,1029,7,Thu,1.0699999998,1.0699999998,0
148,Toys/Hobbies,GBP,2991,7,Thu,2.1399999996,0.5349999999,1
149,Toys/Hobbies,GBP,2991,7,Thu,2.16000000007,0.5355371901,1
150,Collectibles,US,1,5,Fri,43.0,0.01,1
151,Collectibles,US,1,5,Tue,46.02,0.01,1
152,Books,US,30,7,Mon,0.7,0.7,0
153,Music/Movie/Game,GBP,1029,7,Thu,1.2500000001999998,1.2500000001999998,0
154,Music/Movie/Game,GBP,1029,7,Thu,1.2500000001999998,1.2500000001999998,0
155,Music/Movie/Game,GBP,1029,7,Thu,1.2500000001999998,1.2500000001999998,0
156,Music/Movie/Game,GBP,1029,7,Thu,1.2500000001999998,1.2500000001999998,1
157,Music/Movie/Game,GBP,70,7,Thu,1.85999999952,0.894230769,1
158,Collectibles,US,1,5,Tue,52.02,0.01,1
159,Collectibles,US,1,5,Tue,61.05,0.01,1
160,Electronics,US,4,5,Sat,62.0,0.01,1
161,Toys/Hobbies,GBP,2991,7,Thu,3.9299999992,0.5359090907999999,1
162,Music/Movie/Game,GBP,1029,7,Thu,1.6999999998,1.2526315788,1
163,Toys/Hobbies,GBP,2991,7,Thu,5.1800000013,0.5358620691,1
164,Computer,US,411,3,Sat,0.99,0.99,1
165,Automotive,US,793,3,Sat,0.99,0.99,1
166,Toys/Hobbies,US,3277,3,Sun,0.99,0.99,0
167,Toys/Hobbies,US,3277,3,Sun,0.99,0.99,0
168,Toys/Hobbies,US,3277,3,Sun,0.99,0.99,0
169,Music/Movie/Game,US,841,5,Mon,0.99,0.99,0
170,Music/Movie/Game,US,841,5,Mon,0.99,0.99,0
171,Music/Movie/Game,US,841,5,Mon,0.99,0.99,0
172,Music/Movie/Game,US,841,5,Mon,0.99,0.99,0
173,Music/Movie/Game,US,841,5,Mon,0.99,0.99,1
174,Collectibles,US,2220,5,Mon,0.99,0.99,0
175,EverythingElse,US,109,7,Fri,0.99,0.99,0
176,Books,GBP,149,7,Thu,1.77000000012,1.77000000012,0
177,Music/Movie/Game,GBP,149,7,Thu,1.77000000012,1.77000000012,0
178,Music/Movie/Game,GBP,215,7,Thu,1.77000000012,1.77000000012,0
179,Collectibles,US,2695,7,Fri,0.99,0.99,0
180,Collectibles,US,2695,7,Sat,0.99,0.99,0
181,Collectibles,US,2695,7,Sat,0.99,0.99,0
182,Collectibles,US,2695,7,Sat,0.99,0.99,0
183,Collectibles,US,2695,7,Sat,0.99,0.99,0
184,Toys/Hobbies,GBP,2991,7,Thu,1.77000000012,1.77000000012,0
185,Toys/Hobbies,GBP,2991,7,Thu,1.77000000012,1.77000000012,0
186,Music/Movie/Game,GBP,2991,7,Thu,1.77000000012,1.77000000012,0
187,Clothing/Accessories,GBP,2991,7,Thu,1.77000000012,1.77000000012,0
188,Coins/Stamps,GBP,3380,7,Thu,1.77000000012,1.77000000012,0
189,Coins/Stamps,GBP,3380,7,Thu,1.77000000012,1.77000000012,1
190,Toys/Hobbies,US,3385,7,Sat,0.99,0.99,0
191,Computer,US,4790,7,Tue,0.99,0.99,0
192,Collectibles,US,743,3,Sat,1.0,1.0,1
193,Electronics,EUR,9,5,Sun,1.23,1.23,0
194,Automotive,US,113,5,Sun,1.0,1.0,0
195,Antique/Art/Craft,EUR,158,5,Mon,1.23,1.23,0
196,Books,EUR,410,5,Mon,1.23,1.23,0
197,Books,EUR,666,5,Thu,1.23,1.23,0
198,Books,EUR,865,5,Fri,1.23,1.23,0
199,Clothing/Accessories,EUR,865,5,Sat,1.23,1.23,0
200,Music/Movie/Game,EUR,1301,5,Fri,1.23,1.23,0
201,Business/Industrial,EUR,27,7,Sun,1.23,1.23,0
202,Business/Industrial,EUR,27,7,Sun,1.23,1.23,0
203,Computer,EUR,29,7,Fri,1.23,1.23,0
204,Clothing/Accessories,EUR,41,7,Thu,1.23,1.23,0
205,Books,EUR,104,7,Mon,1.23,1.23,0
206,Music/Movie/Game,EUR,104,7,Mon,1.23,1.23,0
207,Music/Movie/Game,EUR,858,7,Mon,1.23,1.23,0
208,Jewelry,US,1317,7,Mon,1.0,1.0,1
209,Music/Movie/Game,EUR,1515,7,Mon,1.23,1.23,0
210,Antique/Art/Craft,EUR,1550,7,Mon,1.23,1.23,0
211,Antique/Art/Craft,EUR,1550,7,Mon,1.23,1.23,0
212,Antique/Art/Craft,EUR,1550,7,Mon,1.23,1.23,0
213,Antique/Art/Craft,EUR,1550,7,Wed,1.23,1.23,0
214,Electronics,EUR,1550,7,Sat,1.23,1.23,0
215,Music/Movie/Game,EUR,2162,7,Thu,1.23,1.23,0
216,Music/Movie/Game,EUR,2162,7,Thu,1.23,1.23,1
217,Pottery/Glass,GBP,5292,7,Thu,1.78,1.78,0
218,Pottery/Glass,GBP,5292,7,Thu,1.78,1.78,0
219,Automotive,EUR,23,10,Wed,1.23,1.23,0
220,Home/Garden,EUR,54,10,Tue,1.23,1.23,0
221,Books,EUR,89,10,Wed,1.23,1.23,0
222,Home/Garden,EUR,100,10,Fri,1.23,1.23,0
223,Computer,EUR,165,10,Wed,1.23,1.23,0
224,Clothing/Accessories,EUR,279,10,Tue,1.23,1.23,0
225,Coins/Stamps,EUR,684,10,Wed,1.23,1.23,0
226,Books,EUR,865,10,Wed,1.23,1.23,0
227,Books,EUR,865,10,Wed,1.23,1.23,0
228,Books,EUR,865,10,Wed,1.23,1.23,0
229,SportingGoods,EUR,865,10,Wed,1.23,1.23,0
230,Music/Movie/Game,EUR,1075,10,Thu,1.23,1.23,0
231,Books,EUR,1386,10,Sat,1.23,1.23,0
232,Music/Movie/Game,EUR,1645,10,Sun,1.23,1.23,0
233,Music/Movie/Game,EUR,1645,10,Sun,1.23,1.23,0
234,Collectibles,EUR,1853,10,Tue,1.23,1.23,0
235,Collectibles,EUR,1853,10,Tue,1.23,1.23,0
236,Collectibles,EUR,1853,10,Tue,1.23,1.23,0
237,Collectibles,EUR,2163,10,Fri,1.23,1.23,0
238,Music/Movie/Game,EUR,2404,10,Sat,1.23,1.23,0
239,Music/Movie/Game,EUR,2638,10,Mon,1.23,1.23,0
240,Music/Movie/Game,EUR,2638,10,Tue,1.23,1.23,0
241,Music/Movie/Game,EUR,2638,10,Tue,1.23,1.23,0
242,Music/Movie/Game,EUR,2638,10,Tue,1.23,1.23,0
243,Music/Movie/Game,EUR,3057,10,Mon,1.23,1.23,0
244,Computer,EUR,3375,10,Thu,1.23,1.23,0
245,Computer,EUR,3375,10,Thu,1.23,1.23,0
246,Music/Movie/Game,EUR,5701,10,Mon,1.23,1.23,0
247,Music/Movie/Game,EUR,5701,10,Sun,1.23,1.23,0
248,Music/Movie/Game,EUR,5701,10,Sun,1.23,1.23,0
249,Music/Movie/Game,EUR,5701,10,Sun,1.23,1.23,0
250,Music/Movie/Game,EUR,5701,10,Sun,1.23,1.23,0
251,Home/Garden,EUR,5701,10,Tue,1.23,1.23,0
252,Home/Garden,EUR,5701,10,Wed,1.23,1.23,0
253,Collectibles,EUR,5701,10,Sun,1.23,1.23,1
254,Music/Movie/Game,EUR,5701,10,Mon,1.23,1.23,1
255,Toys/Hobbies,GBP,2991,7,Thu,1.85999999952,1.7705769226199999,1
256,Music/Movie/Game,GBP,2991,7,Thu,6.6000000008,0.5351351352,1
257,Home/Garden,US,533,7,Mon,112.5,0.01,1
258,Collectibles,US,1,5,Tue,112.52,0.01,1
259,Collectibles,US,1386,3,Sat,4.75,0.25,1
260,Home/Garden,GBP,53,7,Thu,2.1399999996,1.76549999967,1
261,Collectibles,US,2695,7,Sat,1.25,0.99,1
262,Toys/Hobbies,US,1124,7,Tue,1.25,1.0,1
263,Music/Movie/Game,GBP,1029,7,Thu,3.0299999997000002,1.4258823528000002,1
264,Toys/Hobbies,GBP,2991,7,Thu,8.3900000001,0.5355319149,1
265,Home/Garden,GBP,53,7,Thu,2.56999999968,1.76687499978,1
266,Home/Garden,GBP,2991,7,Thu,2.56999999968,1.76687499978,1
267,Toys/Hobbies,US,3277,3,Sun,1.5,0.99,1
268,Electronics,EUR,1550,7,Fri,1.8400000005,1.226666667,1
269,Electronics,EUR,1550,7,Fri,1.8400000005,1.226666667,1
270,Electronics,EUR,1550,7,Fri,1.8400000005,1.226666667,1
271,Electronics,EUR,1550,7,Sat,1.8400000005,1.226666667,1
272,Electronics,EUR,1550,7,Mon,1.8400000005,1.226666667,1
273,Business/Industrial,EUR,743,10,Fri,1.8400000005,1.226666667,1
274,Books,EUR,2163,10,Tue,1.8400000005,1.226666667,1
275,Music/Movie/Game,EUR,5701,10,Mon,1.8400000005,1.226666667,1
276,Coins/Stamps,GBP,3380,7,Thu,2.23,2.23,0
277,Home/Garden,GBP,53,7,Thu,2.86,1.769625,1
278,Music/Movie/Game,GBP,2991,7,Thu,9.8199999975,0.5356363635,1
279,Home/Garden,GBP,53,7,Thu,3.02000000081,1.76911242651,1
280,Home/Garden,GBP,53,7,Thu,3.0299999997000002,1.76452941159,1
281,Music/Movie/Game,GBP,215,7,Thu,3.0299999997000002,1.76452941159,1
282,Coins/Stamps,EUR,1033,10,Fri,2.08000000039,1.230769231,1
283,Home/Garden,GBP,53,7,Thu,3.12000000025,1.76502857157,1
284,Home/Garden,GBP,53,7,Thu,3.3899999994,1.7663684207400001,1
285,Collectibles,US,1,5,Fri,188.33,0.01,1
286,Books,EUR,1553,10,Tue,1.70999999953,1.70999999953,0
287,Toys/Hobbies,GBP,2991,7,Thu,11.6000000025,0.5353846154999999,1
288,Electronics,EUR,1550,7,Sat,2.46,1.23,1
289,Electronics,EUR,1550,7,Wed,2.46,1.23,1
290,Electronics,EUR,1550,7,Wed,2.46,1.23,1
291,Music/Movie/Game,EUR,2638,10,Tue,2.46,1.23,1
292,Home/Garden,GBP,53,7,Thu,3.7500000006,1.7678571431399999,1
293,Music/Movie/Game,GBP,1148,3,Thu,3.9299999992,1.76849999964,1
294,Music/Movie/Game,GBP,1148,3,Thu,3.9299999992,1.76849999964,1
295,Home/Garden,US,841,5,Mon,2.2,0.99,1
296,Music/Movie/Game,GBP,118,7,Thu,3.9299999992,1.76849999964,1
297,Home/Garden,GBP,53,7,Thu,3.9400000003,1.7649773757,1
298,Music/Movie/Game,EUR,104,7,Mon,1.82999999931,1.82999999931,0
299,Books,GBP,201,7,Thu,2.65999999951,2.65999999951,0
300,Antique/Art/Craft,US,945,7,Sun,1.49,1.49,0
301,Books,GBP,2731,7,Thu,2.65999999951,2.65999999951,0
302,Books,EUR,1553,10,Tue,1.82999999931,1.82999999931,0
303,Coins/Stamps,GBP,3380,7,Thu,2.6800000004999998,2.6800000004999998,0
304,Toys/Hobbies,EUR,300,10,Wed,1.8400000005,1.8400000005,0
305,Toys/Hobbies,EUR,300,10,Wed,1.8400000005,1.8400000005,0
306,Toys/Hobbies,EUR,300,10,Wed,1.8400000005,1.8400000005,0
307,Home/Garden,GBP,53,7,Thu,4.2799999992,1.76549999967,1
308,Home/Garden,GBP,53,7,Thu,4.2799999992,1.76549999967,1
309,Music/Movie/Game,EUR,1301,5,Fri,3.07,1.228,1
310,Music/Movie/Game,EUR,104,7,Mon,3.07,1.228,1
311,Music/Movie/Game,EUR,765,7,Sun,3.07,1.228,1
312,Books,EUR,1386,10,Sat,3.07,1.228,1
313,Books,EUR,15,10,Sun,3.08999999947,1.231075697,1
314,Music/Movie/Game,GBP,429,3,Thu,3.02000000081,2.66260355101,1
315,Home/Garden,GBP,53,7,Thu,4.640000001,1.7667692311499998,1
316,Clothing/Accessories,GBP,77,7,Thu,4.8199999995,1.76733333315,1
317,Music/Movie/Game,US,841,5,Mon,2.78,0.99,1
318,Home/Garden,GBP,53,7,Thu,5.3499999990000005,1.76549999967,1
319,Books,GBP,2731,7,Thu,3.57,2.65965,1
320,Antique/Art/Craft,EUR,1553,10,Tue,2.46,1.8327,1
321,Collectibles,EUR,221,7,Wed,3.69,1.23,1
322,Clothing/Accessories,EUR,41,10,Sun,3.69,1.23,1
323,Clothing/Accessories,EUR,41,10,Sun,3.69,1.23,1
324,Books,EUR,268,10,Sun,2.46,1.845,1
325,Music/Movie/Game,EUR,5701,10,Fri,3.6999999988,1.22923588,1
326,Music/Movie/Game,EUR,3057,10,Mon,3.7500000008499996,1.229508197,1
327,Music/Movie/Game,US,841,5,Mon,3.2,0.99,1
328,Home/Garden,GBP,53,7,Thu,5.71,1.76653125,1
329,Home/Garden,GBP,53,7,Thu,5.71,1.76653125,1
330,Jewelry,US,743,3,Sat,3.25,1.0,1
331,Clothing/Accessories,GBP,2991,7,Thu,20.519999999,0.5353043478,1
332,Collectibles,EUR,170,7,Fri,4.3000000015,1.228571429,1
333,Clothing/Accessories,EUR,1661,7,Wed,4.32999999872,1.230113636,1
334,Toys/Hobbies,EUR,104,10,Fri,4.430000001600001,1.230555556,1
335,Collectibles,GBP,1954,7,Thu,6.620000000669999,1.7665229112299998,1
336,Music/Movie/Game,GBP,293,10,Thu,6.620000000669999,1.7665229112299998,1
337,Music/Movie/Game,GBP,1148,3,Thu,6.65999999924,1.76766756012,1
338,SportingGoods,US,2378,3,Sun,390.0,0.01,1
339,Music/Movie/Game,US,841,5,Mon,4.0,0.99,1
340,Coins/Stamps,US,5564,7,Mon,4.0,0.99,1
341,Jewelry,EUR,72,1,Thu,2.45000000021,2.45000000021,0
342,Jewelry,EUR,72,1,Fri,2.45000000021,2.45000000021,0
343,Computer,EUR,105,3,Sun,2.45000000021,2.45000000021,0
344,Music/Movie/Game,EUR,681,3,Sat,2.45000000021,2.45000000021,0
345,Automotive,US,3114,3,Sat,1.99,1.99,0
346,Clothing/Accessories,EUR,24,7,Sat,2.45000000021,2.45000000021,0
347,Health/Beauty,EUR,70,7,Fri,2.45000000021,2.45000000021,0
348,Health/Beauty,EUR,70,7,Sat,2.45000000021,2.45000000021,0
349,Health/Beauty,EUR,70,7,Mon,2.45000000021,2.45000000021,0
350,Health/Beauty,EUR,70,7,Wed,2.45000000021,2.45000000021,0
351,Music/Movie/Game,EUR,104,7,Thu,2.45000000021,2.45000000021,0
352,Computer,EUR,105,7,Thu,2.45000000021,2.45000000021,0
353,Music/Movie/Game,EUR,205,7,Fri,2.45000000021,2.45000000021,0
354,Music/Movie/Game,EUR,205,7,Fri,2.45000000021,2.45000000021,0
355,Music/Movie/Game,EUR,205,7,Fri,2.45000000021,2.45000000021,0
356,Music/Movie/Game,EUR,205,7,Fri,2.45000000021,2.45000000021,0
357,EverythingElse,US,212,7,Fri,1.99,1.99,0
358,Toys/Hobbies,GBP,2731,7,Thu,3.55000000002,3.55000000002,0
359,Coins/Stamps,GBP,3380,7,Thu,3.55000000002,3.55000000002,0
360,Coins/Stamps,GBP,3380,7,Thu,3.55000000002,3.55000000002,0
361,Toys/Hobbies,US,3385,7,Sat,1.99,1.99,0
362,Toys/Hobbies,US,3385,7,Sat,1.99,1.99,0
363,Toys/Hobbies,US,3385,7,Sat,1.99,1.99,0
364,Toys/Hobbies,US,3385,7,Sat,1.99,1.99,0
365,Toys/Hobbies,US,3385,7,Sat,1.99,1.99,0
366,Toys/Hobbies,US,3385,7,Sat,1.99,1.99,0
367,Toys/Hobbies,US,3385,7,Sat,1.99,1.99,0
368,Toys/Hobbies,US,3385,7,Sat,1.99,1.99,0
369,Home/Garden,EUR,5350,7,Sat,2.45000000021,2.45000000021,0
370,Home/Garden,EUR,5350,7,Mon,2.45000000021,2.45000000021,0
371,Toys/Hobbies,US,9003,7,Mon,1.99,1.99,0
372,Antique/Art/Craft,EUR,18,10,Sun,2.45000000021,2.45000000021,0
373,Antique/Art/Craft,EUR,18,10,Sun,2.45000000021,2.45000000021,0
374,Antique/Art/Craft,EUR,18,10,Sun,2.45000000021,2.45000000021,1
375,Toys/Hobbies,EUR,300,10,Wed,2.45000000021,2.45000000021,0
376,Collectibles,EUR,578,10,Sun,2.45000000021,2.45000000021,0
377,Collectibles,EUR,578,10,Sun,2.45000000021,2.45000000021,0
378,Collectibles,EUR,578,10,Mon,2.45000000021,2.45000000021,0
379,Collectibles,EUR,578,10,Mon,2.45000000021,2.45000000021,0
380,Collectibles,EUR,578,10,Mon,2.45000000021,2.45000000021,0
381,Collectibles,EUR,578,10,Mon,2.45000000021,2.45000000021,0
382,Collectibles,EUR,884,10,Mon,2.45000000021,2.45000000021,1
383,Collectibles,EUR,884,10,Mon,2.45000000021,2.45000000021,1
384,Collectibles,EUR,1545,10,Mon,2.45000000021,2.45000000021,0
385,Collectibles,EUR,1545,10,Mon,2.45000000021,2.45000000021,0
386,Collectibles,EUR,1545,10,Thu,2.45000000021,2.45000000021,0
387,Computer,EUR,2382,10,Sun,2.45000000021,2.45000000021,0
388,Antique/Art/Craft,EUR,2507,10,Sun,2.45000000021,2.45000000021,0
389,Antique/Art/Craft,EUR,2507,10,Sun,2.45000000021,2.45000000021,0
390,SportingGoods,EUR,4366,10,Mon,2.45000000021,2.45000000021,0
391,Automotive,EUR,5701,10,Mon,2.45000000021,2.45000000021,0
392,Electronics,EUR,5701,10,Fri,2.45000000021,2.45000000021,0
393,Electronics,EUR,5701,10,Mon,2.45000000021,2.45000000021,0
394,Music/Movie/Game,EUR,5701,10,Sun,2.45000000021,2.45000000021,0
395,Music/Movie/Game,EUR,5701,10,Sun,2.45000000021,2.45000000021,0
396,Toys/Hobbies,EUR,5827,10,Wed,2.45000000021,2.45000000021,0
397,Toys/Hobbies,EUR,5827,10,Wed,2.45000000021,2.45000000021,0
398,Toys/Hobbies,EUR,5827,10,Wed,2.45000000021,2.45000000021,0
399,Music/Movie/Game,US,3277,3,Sun,2.0,2.0,1
400,Music/Movie/Game,EUR,1301,5,Fri,4.92,1.23,1
401,Antique/Art/Craft,US,52,7,Fri,2.0,2.0,0
402,Music/Movie/Game,EUR,130,7,Sun,2.46,2.46,0
403,Home/Garden,GBP,376,7,Thu,3.57,3.57,0
404,Collectibles,US,2695,7,Fri,2.0,2.0,0
405,Collectibles,US,2695,7,Sat,2.0,2.0,0
406,Collectibles,US,2695,7,Sat,2.0,2.0,0
407,Collectibles,US,2695,7,Sat,2.0,2.0,0
408,Collectibles,US,2696,7,Mon,2.0,2.0,0
409,Antique/Art/Craft,US,4390,7,Mon,2.0,2.0,0
410,Home/Garden,GBP,53,7,Thu,7.5000000012,1.7678571431399999,1
411,Pottery/Glass,GBP,107,10,Thu,7.5000000012,1.7678571431399999,1
412,Home/Garden,GBP,53,7,Thu,7.510000000010001,1.76600950119,1
413,Music/Movie/Game,US,841,5,Mon,4.25,0.99,1
414,Music/Movie/Game,US,841,5,Mon,4.25,0.99,1
415,Automotive,US,2162,5,Sun,2.24,1.99,1
416,Toys/Hobbies,US,3385,7,Sat,2.24,1.99,1
417,Toys/Hobbies,US,3385,7,Sat,2.24,1.99,1
418,Home/Garden,EUR,54,5,Sat,5.5300000005,1.228888889,1
419,Music/Movie/Game,EUR,1301,7,Sun,5.60000000105,1.230769231,1
420,Music/Movie/Game,EUR,1301,7,Sun,5.660000001799999,1.230434783,1
421,Music/Movie/Game,GBP,17,7,Thu,8.3900000001,1.76725531917,1
422,Music/Movie/Game,GBP,1842,10,Thu,8.3900000001,1.76725531917,1
423,Collectibles,US,2696,7,Mon,2.34,2.0,1
424,Collectibles,US,5703,10,Sun,9.57,0.5,1
425,Toys/Hobbies,EUR,2507,7,Fri,3.06000000087,2.44554216937,1
426,Collectibles,EUR,1545,10,Mon,3.06000000087,2.44554216937,1
427,Home/Garden,EUR,5350,5,Fri,3.07,2.44372,1
428,Music/Movie/Game,EUR,205,7,Fri,3.07,2.44372,1
429,Clothing/Accessories,EUR,569,10,Thu,3.07,2.44372,1
430,Collectibles,EUR,1545,10,Mon,3.07,2.44372,1
431,Jewelry,US,1124,3,Sun,2.5,2.0,1
432,Books,EUR,83,10,Fri,6.47000000098,1.230038023,1
433,Coins/Stamps,GBP,3380,7,Thu,4.8199999995,3.55251851815,1
434,Music/Movie/Game,US,841,5,Mon,5.5,0.99,1
435,Music/Movie/Game,US,841,5,Mon,5.5,0.99,1
436,Music/Movie/Game,US,841,5,Mon,5.5,0.99,1
437,Music/Movie/Game,GBP,17,7,Thu,9.8199999975,1.7675999995499998,1
438,Toys/Hobbies,GBP,1768,7,Thu,9.8199999975,1.7675999995499998,1
439,Home/Garden,GBP,670,7,Thu,9.829999999379998,1.7661887476199998,1
440,Toys/Hobbies,US,3385,7,Sat,2.75,1.99,1
441,Collectibles,US,2695,7,Sat,2.75,2.0,1
442,Collectibles,EUR,442,10,Wed,6.7599999995,1.229090909,1
443,Jewelry,EUR,5701,10,Mon,6.7599999995,1.229090909,1
444,Collectibles,GBP,88,7,Thu,9.829999999379998,1.784029038,1
445,Toys/Hobbies,US,3385,7,Sat,2.8,1.99,1
446,Music/Movie/Game,US,3277,3,Sun,2.8,2.0,1
447,Automotive,EUR,526,10,Tue,6.8900000008,1.230357143,1
448,Music/Movie/Game,US,841,5,Mon,6.01,0.99,1
449,Collectibles,EUR,1545,10,Wed,3.69,2.4476999999999998,1
450,Collectibles,EUR,1545,10,Tue,3.69,2.4476999999999998,1
451,Electronics,EUR,5701,10,Wed,3.69,2.4476999999999998,1
452,Computer,EUR,863,10,Fri,3.6999999988,2.4461794012,1
453,Automotive,EUR,526,10,Thu,7.389999997039999,1.229617304,1
454,Collectibles,EUR,1545,10,Mon,3.72999999906,2.44973597298,1
455,Collectibles,EUR,920,3,Fri,7.589999999390001,1.230145867,1
456,Music/Movie/Game,GBP,105,7,Thu,4.4399999997,4.4399999997,0
457,Music/Movie/Game,GBP,105,7,Thu,4.4399999997,4.4399999997,0
458,Toys/Hobbies,US,3277,3,Sun,6.27,0.99,1
459,Collectibles,US,510,3,Sun,2.5,2.5,0
460,Computer,US,366,5,Mon,2.5,2.5,0
461,Home/Garden,EUR,1402,7,Fri,3.07,3.07,0
462,Coins/Stamps,EUR,300,10,Wed,3.87000000135,2.44485714371,1
463,Music/Movie/Game,GBP,118,7,Thu,11.6000000025,1.7667692311499998,1
464,Music/Movie/Game,EUR,548,10,Tue,7.97999999775,1.229583975,1
465,Automotive,EUR,526,10,Wed,7.9899999985,1.229230769,1
466,Automotive,EUR,526,10,Sat,7.9899999985,1.229230769,1
467,Collectibles,EUR,433,5,Fri,4.0599999989999995,2.4483030297,1
468,SportingGoods,GBP,118,7,Thu,11.960000000900001,1.76722388073,1
469,Music/Movie/Game,GBP,105,7,Thu,4.79999999973,4.443122676330001,1
470,Toys/Hobbies,US,3277,3,Sun,7.0,0.99,1
471,Music/Movie/Game,EUR,205,7,Fri,4.3000000015,2.44485714371,1
472,Automotive,EUR,526,10,Mon,8.61,1.23,1
473,Music/Movie/Game,EUR,205,7,Fri,4.36999999825,2.44966197085,1
474,Toys/Hobbies,US,35,1,Fri,710.0,0.01,1
475,Electronics,EUR,5701,10,Sun,4.430000001600001,2.4488055564400004,1
476,Music/Movie/Game,GBP,17,7,Thu,12.9399999985,1.76697931014,1
477,Music/Movie/Game,GBP,105,7,Thu,5.15999999992,4.445813148720001,1
478,Coins/Stamps,US,1054,5,Mon,9.38,0.77,1
479,Collectibles,EUR,170,7,Fri,9.2199999975,1.229333333,1
480,Jewelry,US,225,7,Mon,750.0,0.01,1
481,Clothing/Accessories,EUR,18,10,Sun,9.2199999975,1.229333333,1
482,Automotive,EUR,526,10,Fri,9.24000000271,1.230359521,1
483,Toys/Hobbies,US,3385,7,Sat,2.75,2.75,0
484,Toys/Hobbies,US,3385,7,Sat,2.75,2.75,0
485,Toys/Hobbies,US,3385,7,Sat,2.75,2.75,0
486,Toys/Hobbies,US,3385,7,Sat,2.75,2.75,0
487,Toys/Hobbies,US,3385,7,Sat,2.75,2.75,0
488,Toys/Hobbies,US,3385,7,Sat,2.75,2.75,0
489,Toys/Hobbies,US,3385,7,Sat,2.75,2.75,0
490,Toys/Hobbies,US,3385,7,Sat,2.75,2.75,0
491,Toys/Hobbies,US,3385,7,Sat,2.75,2.75,0
492,Toys/Hobbies,US,3385,7,Sat,2.75,2.75,0
493,Toys/Hobbies,US,3385,7,Sat,2.75,2.75,0
494,Toys/Hobbies,US,3385,7,Sat,2.75,2.75,0
495,Toys/Hobbies,US,3385,7,Sat,2.75,2.75,0
496,Toys/Hobbies,US,3385,7,Sat,2.75,2.75,0
497,Toys/Hobbies,US,3385,7,Sat,2.75,2.75,0
498,Toys/Hobbies,US,3385,7,Sat,2.75,2.75,0
499,Coins/Stamps,US,5564,7,Sat,2.79,2.79,0
500,Music/Movie/Game,US,841,5,Mon,8.0,0.99,1
501,Music/Movie/Game,GBP,118,7,Thu,14.28,1.76715,1
502,Music/Movie/Game,GBP,105,7,Thu,5.71,4.44309375,1
503,Collectibles,EUR,578,10,Mon,4.93000000034,2.44655860366,1
504,Computer,EUR,113,7,Tue,9.84,1.23,1
505,Toys/Hobbies,GBP,293,10,Thu,5.71,4.4609375,1
506,Toys/Hobbies,EUR,638,10,Sun,9.86000000068,1.229426434,1
507,Electronics,US,2956,3,Fri,81.55,0.1,1
508,Collectibles,GBP,18,7,Thu,9.8199999975,2.6781818174999996,1
509,SportingGoods,GBP,79,7,Thu,15.150000001530001,1.7666077740300001,1
510,Computer,US,411,5,Mon,8.5,0.99,1
511,Collectibles,EUR,170,7,Thu,10.450000002500001,1.229411765,1
512,SportingGoods,US,2378,1,Fri,860.0,0.01,1
513,Collectibles,US,119,10,Sat,860.0,0.01,1
514,EverythingElse,GBP,232,3,Thu,5.33999999923,5.33999999923,0
515,Books,US,638,3,Sat,2.99,2.99,0
516,Clothing/Accessories,EUR,315,7,Sat,3.68000000069,3.68000000069,0
517,Coins/Stamps,GBP,3380,7,Thu,5.33999999923,5.33999999923,0
518,Coins/Stamps,GBP,3380,7,Thu,5.33999999923,5.33999999923,0
519,Coins/Stamps,GBP,3380,7,Thu,5.33999999923,5.33999999923,0
520,Collectibles,US,3385,7,Sat,2.99,2.99,0
521,Antique/Art/Craft,US,3613,7,Sun,2.99,2.99,0
522,Books,US,3613,7,Sun,2.99,2.99,1
523,Antique/Art/Craft,US,4390,7,Fri,2.99,2.99,1
524,Coins/Stamps,US,5564,7,Fri,2.99,2.99,0
525,Coins/Stamps,US,5564,7,Fri,2.99,2.99,0
526,Collectibles,US,9003,7,Sun,2.99,2.99,0
527,EverythingElse,US,9003,7,Mon,2.99,2.99,0
528,SportingGoods,US,9003,7,Sun,2.99,2.99,0
529,SportingGoods,US,9003,7,Mon,2.99,2.99,0
530,Collectibles,US,25433,7,Sat,2.99,2.99,0
531,Toys/Hobbies,EUR,842,10,Tue,11.010000002099998,1.230167598,1
532,Collectibles,EUR,1545,10,Tue,5.5300000005,2.44548888911,1
533,Toys/Hobbies,US,3277,3,Sun,3.0,3.0,0
534,Toys/Hobbies,US,3277,3,Sun,3.0,3.0,0
535,Music/Movie/Game,GBP,197,7,Thu,5.3499999990000005,5.3499999990000005,0
536,Toys/Hobbies,EUR,508,7,Sun,11.07,1.23,1
537,Antique/Art/Craft,EUR,618,7,Mon,3.69,3.69,0
538,Jewelry,GBP,2189,7,Thu,5.3499999990000005,5.3499999990000005,0
539,Collectibles,US,2696,7,Mon,3.0,3.0,0
540,Music/Movie/Game,GBP,1842,10,Thu,5.3499999990000005,5.3499999990000005,0
541,Music/Movie/Game,GBP,1842,10,Thu,5.3499999990000005,5.3499999990000005,0
542,Music/Movie/Game,EUR,5701,10,Wed,11.07,1.23,1
543,Toys/Hobbies,EUR,3090,10,Tue,5.5800000006,2.4458590311,1
544,Toys/Hobbies,EUR,5827,10,Wed,5.72000000055,2.44791397873,1
545,Music/Movie/Game,GBP,2991,7,Thu,55.33000001,0.535451613,1
546,Music/Movie/Game,US,471,5,Mon,9.5,0.99,1
547,Music/Movie/Game,US,841,5,Mon,9.5,0.99,1
548,Jewelry,US,743,3,Sat,9.72,1.0,1
549,Collectibles,US,2695,7,Sat,3.25,3.0,1
550,Music/Movie/Game,GBP,1148,3,Thu,17.85,1.76715,1
551,Music/Movie/Game,US,841,5,Mon,10.0,0.99,1
552,Collectibles,EUR,1545,10,Mon,6.15,2.4476999999999998,1
553,Collectibles,EUR,1545,10,Mon,6.15,2.4476999999999998,1
554,Collectibles,EUR,1545,10,Mon,6.15,2.4476999999999998,1
555,Toys/Hobbies,EUR,508,7,Sun,12.3,1.23,1
556,Music/Movie/Game,GBP,1148,3,Thu,18.7400000025,1.76691428595,1
557,Music/Movie/Game,US,841,5,Mon,10.5,0.99,1
558,Music/Movie/Game,GBP,17,7,Thu,18.7400000025,1.76691428595,1
559,Coins/Stamps,US,1054,5,Mon,13.51,0.77,1
560,Music/Movie/Game,US,193,5,Sat,10.52,0.99,1
561,Music/Movie/Game,US,841,5,Mon,10.55,0.99,1
562,Toys/Hobbies,EUR,508,7,Sun,12.910000005,1.22952381,1
563,Music/Movie/Game,EUR,1853,7,Fri,4.3000000015,3.685714287,1
564,Music/Movie/Game,EUR,1853,7,Fri,4.3000000015,3.685714287,1
565,Antique/Art/Craft,US,4390,7,Fri,3.27,3.27,0
566,Home/Garden,EUR,4366,7,Fri,6.7599999995,2.44589090891,1
567,Electronics,EUR,5701,10,Tue,6.7599999995,2.44589090891,1
568,Jewelry,GBP,1180,7,Thu,9.8199999975,3.57090909,1
569,Toys/Hobbies,US,3385,7,Sat,4.0,2.75,1
570,Business/Industrial,US,1265,7,Sat,3.35,3.35,0
571,Business/Industrial,US,1266,7,Sun,3.35,3.35,0
572,Music/Movie/Game,GBP,1148,3,Thu,20.519999999,1.76650434774,1
573,Home/Garden,US,390,5,Mon,11.5,0.99,1
574,Computer,US,2711,5,Sat,11.5,0.99,1
575,Jewelry,EUR,2168,7,Mon,14.1399999955,1.229565217,1
576,Collectibles,EUR,1545,10,Tue,7.130000001,2.44632758655,1
577,Home/Garden,EUR,266,5,Sat,14.2799999976,1.22997416,1
578,Music/Movie/Game,GBP,105,7,Thu,8.3900000001,4.44491489367,1
579,Toys/Hobbies,EUR,3090,10,Tue,7.38,2.4476999999999998,1
580,Toys/Hobbies,EUR,269,10,Tue,14.719999997430001,1.229741019,1
581,Collectibles,EUR,1545,10,Mon,7.4299999979999996,2.4479635754999998,1
582,Antique/Art/Craft,US,945,7,Sun,3.49,3.49,0
583,Antique/Art/Craft,US,2349,10,Sun,20.5,0.6,1
584,Home/Garden,EUR,5701,10,Tue,15.37,1.2296,1
585,Music/Movie/Game,GBP,197,7,Thu,7.5000000012,5.357142858,1
586,Health/Beauty,US,2459,7,Sat,4.24,2.99,1
587,Jewelry,US,1322,7,Tue,12.83,0.99,1
588,Music/Movie/Game,GBP,17,7,Thu,23.220000003379997,1.7669331286199998,1
589,Jewelry,EUR,89,10,Wed,8.01000000297,2.44852534653,1
590,Toys/Hobbies,EUR,3090,10,Tue,8.01000000297,2.44852534653,1
591,Antique/Art/Craft,US,2349,7,Fri,3.6,3.6,0
592,Antique/Art/Craft,US,2349,7,Fri,3.6,3.6,0
593,Antique/Art/Craft,US,2349,7,Fri,3.6,3.6,0
594,Antique/Art/Craft,US,2349,7,Fri,3.6,3.6,0
595,Antique/Art/Craft,US,2349,7,Fri,3.6,3.6,0
596,Antique/Art/Craft,US,2349,7,Fri,3.6,3.6,0
597,Antique/Art/Craft,US,2349,7,Fri,3.6,3.6,0
598,Antique/Art/Craft,US,2349,7,Fri,3.6,3.6,0
599,Antique/Art/Craft,US,2349,7,Sat,3.6,3.6,0
600,Antique/Art/Craft,US,2349,7,Sun,3.6,3.6,0
601,Antique/Art/Craft,US,2349,7,Sun,3.6,3.6,0
602,Antique/Art/Craft,US,2349,7,Sun,3.6,3.6,0
603,Antique/Art/Craft,US,2349,7,Mon,3.6,3.6,0
604,Antique/Art/Craft,US,2349,7,Mon,3.6,3.6,0
605,Antique/Art/Craft,US,2349,7,Tue,3.6,3.6,0
606,Antique/Art/Craft,US,2349,7,Tue,3.6,3.6,0
607,Antique/Art/Craft,US,2349,7,Fri,3.6,3.6,1
608,Antique/Art/Craft,US,2349,7,Sat,3.6,3.6,1
609,Jewelry,GBP,1180,7,Thu,11.6000000025,3.56923077,1
610,Collectibles,EUR,1545,10,Fri,8.28000000228,2.44832095164,1
611,Collectibles,EUR,170,7,Fri,16.600000005000002,1.22962963,1
612,Music/Movie/Game,EUR,1301,7,Sun,17.009999998919998,1.229934924,1
613,Antique/Art/Craft,US,2349,7,Fri,3.85,3.6,1
614,Antique/Art/Craft,US,2349,7,Fri,3.85,3.6,1
615,Antique/Art/Craft,US,2349,7,Fri,3.85,3.6,1
616,Antique/Art/Craft,US,2349,7,Sat,3.85,3.6,1
617,Antique/Art/Craft,US,2349,7,Sun,3.85,3.6,1
618,Antique/Art/Craft,US,2349,7,Sun,3.85,3.6,1
619,Toys/Hobbies,US,3385,7,Sat,3.75,3.75,0
620,Toys/Hobbies,US,3385,7,Sat,3.75,3.75,0
621,Toys/Hobbies,US,3385,7,Sat,3.75,3.75,0
622,Music/Movie/Game,GBP,105,7,Thu,10.0799999974,4.44233628204,1
623,Antique/Art/Craft,EUR,2507,7,Fri,8.710000002120001,2.44814971811,1
624,Collectibles,EUR,1545,10,Tue,8.71999999721,2.4475035253099997,1
625,SportingGoods,EUR,5701,10,Wed,8.76000000248,2.4483707872099996,1
626,Collectibles,US,2220,5,Mon,14.5,0.99,1
627,Clothing/Accessories,EUR,37,3,Thu,17.829999993999998,1.229655172,1
628,Music/Movie/Game,EUR,915,5,Fri,17.85999999696,1.230027548,1
629,Antique/Art/Craft,US,2349,7,Mon,4.12,3.6,1
630,Clothing/Accessories,EUR,174,10,Fri,9.2199999975,2.44637333267,1
631,Collectibles,EUR,1545,10,Mon,9.2199999975,2.44637333267,1
632,Collectibles,EUR,1545,10,Mon,9.2199999975,2.44637333267,1
633,Clothing/Accessories,EUR,299,7,Thu,6.15,3.6777,1
634,Home/Garden,EUR,71,7,Thu,18.58000000129,1.229649239,1
635,Toys/Hobbies,US,9003,5,Sat,3.89,3.89,0
636,Jewelry,US,9003,7,Mon,3.89,3.89,0
637,Toys/Hobbies,US,3385,7,Sat,5.51,2.75,1
638,Collectibles,EUR,578,10,Mon,9.41999999958,2.44723237587,1
639,Antique/Art/Craft,US,2349,7,Mon,4.24,3.6,1
640,Collectibles,EUR,578,10,Mon,9.470000000999999,2.4474415586999996,1
641,Computer,US,454,5,Mon,15.5,0.99,1
642,Computer,US,18,7,Mon,15.51,0.99,1
643,Clothing/Accessories,EUR,519,5,Mon,19.0599999945,1.229677419,1
644,Toys/Hobbies,US,3385,7,Sat,5.69,2.75,1
645,Antique/Art/Craft,US,2349,7,Fri,4.35,3.6,1
646,Antique/Art/Craft,US,2349,7,Tue,4.36,3.6,1
647,Antique/Art/Craft,US,2349,7,Tue,4.36,3.6,1
648,Antique/Art/Craft,US,2349,7,Fri,4.36,3.6,1
649,Collectibles,EUR,1545,10,Mon,9.84,2.4476999999999998,1
650,EverythingElse,GBP,232,3,Thu,7.120000000470001,7.120000000470001,1
651,Books,US,638,5,Mon,3.99,3.99,0
652,Clothing/Accessories,EUR,141,7,Fri,4.90999999959,4.90999999959,0
653,Health/Beauty,US,1155,7,Fri,3.99,3.99,0
654,Health/Beauty,US,1155,7,Sat,3.99,3.99,0
655,Health/Beauty,US,1155,7,Tue,3.99,3.99,0
656,Books,US,1464,7,Sun,3.99,3.99,0
657,Books,US,1809,7,Sun,3.99,3.99,0
658,Toys/Hobbies,US,3385,7,Sat,3.99,3.99,0
659,Toys/Hobbies,US,3385,7,Sat,3.99,3.99,0
660,Toys/Hobbies,US,3385,7,Sat,3.99,3.99,1
661,Collectibles,US,3613,7,Sun,3.99,3.99,0
662,Clothing/Accessories,US,3613,7,Sun,3.99,3.99,0
663,Home/Garden,US,3613,7,Sun,3.99,3.99,0
664,Home/Garden,US,3613,7,Sun,3.99,3.99,0
665,Antique/Art/Craft,US,3613,7,Sun,3.99,3.99,0
666,Antique/Art/Craft,US,3613,7,Sun,3.99,3.99,0
667,Pottery/Glass,US,3613,7,Sun,3.99,3.99,1
668,Antique/Art/Craft,US,4390,7,Mon,3.99,3.99,0
669,Antique/Art/Craft,US,4390,7,Mon,3.99,3.99,0
670,Antique/Art/Craft,US,4390,7,Mon,3.99,3.99,0
671,Antique/Art/Craft,US,4390,7,Fri,3.99,3.99,0
672,Collectibles,US,9003,7,Sat,3.99,3.99,0
673,Music/Movie/Game,US,9003,7,Mon,3.99,3.99,0
674,Music/Movie/Game,US,9003,7,Mon,3.99,3.99,0
675,Music/Movie/Game,US,9003,7,Mon,3.99,3.99,0
676,Home/Garden,US,9003,7,Sat,3.99,3.99,0
677,Jewelry,US,25433,7,Mon,3.99,3.99,0
678,Jewelry,US,25433,7,Mon,3.99,3.99,0
679,Jewelry,US,25433,7,Mon,3.99,3.99,0
680,Jewelry,US,25433,7,Mon,3.99,3.99,0
681,Toys/Hobbies,US,3277,3,Sun,4.0,4.0,0
682,Collectibles,GBP,18,7,Thu,7.14,7.14,0
683,Books,US,115,7,Sun,4.0,4.0,0
684,Antique/Art/Craft,EUR,277,7,Sun,4.92,4.92,0
685,Jewelry,GBP,1180,7,Thu,14.28,3.57,1
686,SportingGoods,US,1265,7,Fri,4.0,4.0,0
687,Books,EUR,321,10,Wed,4.92,4.92,0
688,Toys/Hobbies,EUR,508,7,Sun,19.800000006500003,1.229813665,1
689,Music/Movie/Game,GBP,105,7,Thu,11.6000000025,4.44369230865,1
690,Antique/Art/Craft,US,2349,7,Mon,4.51,3.6,1
691,Home/Garden,EUR,1405,10,Mon,10.0800000026,2.44624390307,1
692,Business/Industrial,US,8101,3,Sun,16.5,0.99,1
693,Toys/Hobbies,EUR,889,3,Fri,20.140000007399998,1.22954823,1
694,Collectibles,US,3385,7,Sat,5.5,2.99,1
695,Collectibles,US,3385,7,Sat,5.5,2.99,1
696,Business/Industrial,EUR,124,7,Wed,20.290000005,1.22969697,1
697,Antique/Art/Craft,US,2349,7,Tue,28.04,0.6,1
698,SportingGoods,US,27132,5,Mon,17.01,0.99,1
699,Books,US,3864,7,Tue,4.24,3.99,1
700,Antique/Art/Craft,US,2349,7,Tue,4.7,3.6,1
701,Books,US,3613,7,Sun,4.25,3.99,1
702,Antique/Art/Craft,US,3613,7,Sun,4.25,3.99,1
703,Jewelry,US,25433,7,Mon,4.25,3.99,1
704,SportingGoods,US,1266,7,Sun,4.25,4.0,1
705,Pottery/Glass,US,5721,3,Sat,4.15,4.15,0
706,Antique/Art/Craft,US,2349,7,Fri,4.81,3.6,1
707,Clothing/Accessories,EUR,1179,10,Wed,21.520000005,1.229714286,1
708,Music/Movie/Game,EUR,657,10,Tue,21.54999999912,1.230022831,1
709,Antique/Art/Craft,US,2349,7,Tue,4.94,3.6,1
710,Music/Movie/Game,EUR,351,10,Tue,5.5300000005,4.9032666671100005,1
711,Music/Movie/Game,EUR,1634,10,Wed,5.5300000005,4.9032666671100005,1
712,Clothing/Accessories,EUR,519,7,Wed,22.14,1.23,1
713,Music/Movie/Game,EUR,657,10,Tue,22.14,1.23,1
714,Antique/Art/Craft,US,2349,7,Fri,5.01,3.6,1
715,Toys/Hobbies,US,3385,7,Sat,5.02,3.75,1
716,SportingGoods,US,27132,5,Mon,19.02,0.99,1
717,Collectibles,EUR,1545,10,Mon,11.679999998,2.44665263116,1
718,Collectibles,EUR,1545,10,Fri,11.679999998,2.44665263116,1
719,Home/Garden,GBP,53,7,Thu,17.400000003749998,3.55138461615,1
720,Collectibles,US,3385,7,Sat,6.5,2.99,1
721,Clothing/Accessories,EUR,241,7,Sun,23.96999999183,1.229861467,1
722,Music/Movie/Game,US,123,7,Tue,6.5,3.0,1
723,Toys/Hobbies,US,3277,3,Sun,5.6,3.5,1
724,Antique/Art/Craft,US,2349,7,Mon,32.69,0.6,1
725,Antique/Art/Craft,US,2349,7,Fri,5.5,3.6,1
726,Antique/Art/Craft,US,2349,7,Fri,5.5,3.6,1
727,Antique/Art/Craft,US,2349,7,Mon,5.51,3.6,1
728,Photography,GBP,71,7,Thu,17.85,3.5521499999999997,1
729,Collectibles,EUR,227,7,Sat,12.3,2.4476999999999998,1
730,Music/Movie/Game,EUR,657,10,Tue,6.15999999918,4.918163672,1
731,Health/Beauty,US,1155,7,Sun,4.49,4.49,0
732,Antique/Art/Craft,US,2349,7,Fri,5.61,3.6,1
733,Antique/Art/Craft,US,2349,7,Fri,5.61,3.6,1
734,Antique/Art/Craft,US,3277,3,Sun,4.5,4.5,0
735,Collectibles,US,4397,7,Sat,4.5,4.5,0
736,Antique/Art/Craft,US,4397,7,Sat,4.5,4.5,0
737,Antique/Art/Craft,US,4397,7,Sat,4.5,4.5,0
738,Computer,EUR,335,1,Thu,25.210000008999998,1.229756098,1
739,SportingGoods,EUR,5701,10,Wed,25.38000000432,1.229651163,1
740,Electronics,EUR,5701,10,Mon,25.619999998189996,1.229956793,1
741,Home/Garden,EUR,739,3,Sat,12.899999999879999,2.44718779788,1
742,Music/Movie/Game,EUR,205,7,Fri,12.910000005,2.4467523819,1
743,Toys/Hobbies,EUR,996,7,Tue,12.910000005,2.4467523819,1
744,Collectibles,EUR,1545,10,Mon,12.910000005,2.4467523819,1
745,Collectibles,EUR,1545,10,Mon,12.910000005,2.4467523819,1
746,SportingGoods,EUR,478,7,Sat,12.9699999973,2.44647393314,1
747,Collectibles,GBP,88,7,Thu,37.510000000219996,1.784490961,1
748,Antique/Art/Craft,US,4390,7,Mon,5.27,3.99,1
749,Books,EUR,415,10,Sat,26.29999999863,1.229546517,1
750,Toys/Hobbies,US,3385,7,Sat,5.76,3.75,1
751,Antique/Art/Craft,US,2349,7,Tue,6.01,3.6,1
752,Books,US,650,7,Fri,4.85,4.5,1
753,Collectibles,EUR,1179,10,Wed,26.9199999981,1.22978529,1
754,Collectibles,US,337,7,Sun,5.5,3.99,1
755,Music/Movie/Game,EUR,6621,10,Tue,6.7599999995,4.90407272691,1
756,Music/Movie/Game,US,9003,7,Fri,5.51,3.99,1
757,Toys/Hobbies,US,322,5,Sun,5.5,4.0,1
758,Collectibles,US,2089,3,Sun,22.5,0.99,1
759,Collectibles,EUR,442,7,Sun,27.399999989640005,1.229802513,1
760,Antique/Art/Craft,US,2349,7,Tue,6.19,3.6,1
761,SportingGoods,EUR,5350,7,Mon,6.97000000032,4.90481481504,1
762,Antique/Art/Craft,US,2349,7,Fri,6.4,3.6,1
763,Toys/Hobbies,US,3385,7,Sat,8.53,2.75,1
764,SportingGoods,US,1266,7,Mon,4.89,4.89,0
765,Clothing/Accessories,EUR,3375,10,Thu,14.76,2.46,0
766,Toys/Hobbies,US,3277,3,Sun,8.01,3.0,1
767,Collectibles,US,843,10,Sat,6.05,4.0,1
768,Home/Garden,EUR,739,3,Thu,15.100000002319998,2.44698697106,1
769,Health/Beauty,US,1059,5,Sat,4.95,4.95,0
770,Toys/Hobbies,US,3385,7,Sat,4.95,4.95,0
771,Toys/Hobbies,US,3385,7,Sat,4.95,4.95,0
772,Toys/Hobbies,US,3385,7,Sat,4.95,4.95,0
773,Toys/Hobbies,US,3385,7,Sat,4.95,4.95,0
774,Toys/Hobbies,US,3385,7,Sat,4.95,4.95,0
775,Antique/Art/Craft,US,4390,7,Fri,4.95,4.95,0
776,Jewelry,US,25433,7,Mon,4.95,4.95,0
777,Jewelry,US,25433,7,Mon,4.95,4.95,0
778,Antique/Art/Craft,US,2349,7,Fri,6.89,3.6,1
779,Toys/Hobbies,US,8100,1,Fri,4.99,4.99,0
780,Music/Movie/Game,US,50,3,Sat,4.99,4.99,0
781,SportingGoods,US,237,3,Sat,4.99,4.99,0
782,Antique/Art/Craft,US,4398,5,Sun,4.99,4.99,0
783,Health/Beauty,US,4398,5,Sun,4.99,4.99,0
784,Health/Beauty,US,4398,5,Mon,4.99,4.99,0
785,Clothing/Accessories,EUR,141,7,Thu,6.140000000780001,6.140000000780001,0
786,Clothing/Accessories,EUR,141,7,Thu,6.140000000780001,6.140000000780001,0
787,Music/Movie/Game,GBP,309,7,Thu,8.90999999858,8.90999999858,0
788,Music/Movie/Game,GBP,632,7,Thu,8.90999999858,8.90999999858,0
789,Music/Movie/Game,GBP,632,7,Thu,8.90999999858,8.90999999858,0
790,Music/Movie/Game,GBP,632,7,Thu,8.90999999858,8.90999999858,0
791,Jewelry,US,945,7,Sun,4.99,4.99,0
792,Health/Beauty,US,1155,7,Fri,4.99,4.99,0
793,Health/Beauty,US,1155,7,Fri,4.99,4.99,0
794,Health/Beauty,US,1155,7,Sun,4.99,4.99,0
795,Health/Beauty,US,1155,7,Sun,4.99,4.99,0
796,Health/Beauty,US,1155,7,Mon,4.99,4.99,0
797,Toys/Hobbies,US,1375,7,Sat,4.99,4.99,0
798,Collectibles,US,1375,7,Sat,4.99,4.99,0
799,Automotive,GBP,1390,7,Thu,8.90999999858,8.90999999858,0
800,Pottery/Glass,US,1809,7,Sun,4.99,4.99,0
801,Music/Movie/Game,US,3227,7,Sat,4.99,4.99,0
802,Music/Movie/Game,US,3227,7,Sun,4.99,4.99,0
803,Toys/Hobbies,US,3385,7,Sat,4.99,4.99,0
804,Toys/Hobbies,US,3385,7,Sat,4.99,4.99,0
805,Antique/Art/Craft,US,4390,7,Mon,4.99,4.99,0
806,Antique/Art/Craft,US,4390,7,Mon,4.99,4.99,0
807,Collectibles,US,4397,7,Fri,4.99,4.99,0
808,Collectibles,US,4397,7,Sat,4.99,4.99,0
809,Antique/Art/Craft,US,4397,7,Fri,4.99,4.99,0
810,Antique/Art/Craft,US,4397,7,Sat,4.99,4.99,0
811,Antique/Art/Craft,US,4398,7,Tue,4.99,4.99,0
812,Music/Movie/Game,US,9003,7,Mon,4.99,4.99,0
813,Music/Movie/Game,US,9003,7,Mon,4.99,4.99,0
814,Music/Movie/Game,US,9003,7,Mon,4.99,4.99,0
815,Music/Movie/Game,US,9003,7,Mon,4.99,4.99,0
816,Music/Movie/Game,EUR,351,10,Tue,6.140000000780001,6.140000000780001,0
817,Music/Movie/Game,GBP,365,10,Thu,8.90999999858,8.90999999858,0
818,Coins/Stamps,EUR,1017,10,Wed,6.140000000780001,6.140000000780001,0
819,Music/Movie/Game,EUR,1634,10,Mon,6.140000000780001,6.140000000780001,0
820,Music/Movie/Game,EUR,1634,10,Wed,6.140000000780001,6.140000000780001,0
821,Collectibles,EUR,533,3,Thu,6.15,6.15,0
822,Toys/Hobbies,US,3277,3,Sun,5.0,5.0,0
823,Toys/Hobbies,US,3277,3,Sun,5.0,5.0,0
824,SportingGoods,EUR,149,5,Tue,6.15,6.15,0
825,Toys/Hobbies,EUR,183,5,Sat,6.15,6.15,0
826,Home/Garden,US,326,5,Mon,5.0,5.0,0
827,Music/Movie/Game,US,673,7,Sun,5.0,5.0,0
828,Collectibles,EUR,1853,7,Fri,6.15,6.15,0
829,Collectibles,EUR,1853,7,Fri,6.15,6.15,0
830,Music/Movie/Game,EUR,1853,7,Fri,6.15,6.15,0
831,Collectibles,US,2696,7,Mon,5.0,5.0,0
832,Music/Movie/Game,US,5202,7,Mon,5.0,5.0,0
833,Books,EUR,5,10,Wed,6.15,6.15,0
834,Antique/Art/Craft,EUR,18,10,Sun,6.15,6.15,1
835,Toys/Hobbies,EUR,183,10,Thu,6.15,6.15,0
836,Books,EUR,294,10,Tue,6.15,6.15,0
837,Business/Industrial,EUR,756,10,Tue,6.15,6.15,0
838,Toys/Hobbies,EUR,765,10,Sat,6.15,6.15,0
839,Toys/Hobbies,EUR,765,10,Sat,6.15,6.15,0
840,Music/Movie/Game,EUR,1853,10,Tue,6.15,6.15,0
841,SportingGoods,US,1266,7,Mon,5.14,4.89,1
842,Antique/Art/Craft,US,2349,7,Mon,7.0,3.6,1
843,Home/Garden,EUR,730,3,Sat,31.01000000878,1.229579699,1
844,SportingGoods,US,27132,5,Mon,25.65,0.99,1
845,Computer,US,454,3,Sat,26.0,0.99,1
846,Toys/Hobbies,EUR,2403,5,Mon,31.69000000422,1.229724486,1
847,Toys/Hobbies,EUR,996,7,Tue,15.99,2.4476999999999998,1
848,Antique/Art/Craft,US,4390,7,Mon,6.5,3.99,1
849,Music/Movie/Game,US,9003,7,Mon,5.24,4.99,1
850,Coins/Stamps,US,1054,5,Mon,34.19,0.77,1
851,Toys/Hobbies,EUR,2403,5,Mon,32.5900000065,1.229811321,1
852,Photography,US,1004,3,Fri,26.78,0.99,1
853,SportingGoods,US,1265,7,Fri,5.5,4.85,1
854,Clothing/Accessories,EUR,569,10,Thu,16.59000000348,2.44730170548,1
855,Antique/Art/Craft,US,2349,7,Tue,7.5,3.6,1
856,Home/Garden,EUR,1635,10,Fri,33.6700000074,1.22972973,1
857,Music/Movie/Game,EUR,286,5,Sat,33.820000005000004,1.229818182,1
858,Collectibles,EUR,533,7,Fri,6.7599999995,6.145454545,1
859,Clothing/Accessories,EUR,595,7,Mon,33.820000005000004,1.229818182,1
860,Business/Industrial,EUR,5701,10,Mon,33.83000000142,1.229734642,1
861,Antique/Art/Craft,US,4398,3,Sat,5.25,5.25,0
862,Health/Beauty,US,4397,7,Fri,5.25,5.25,0
863,Home/Garden,US,2168,3,Sat,28.0,0.99,1
864,SportingGoods,US,27132,5,Mon,28.03,0.99,1
865,Antique/Art/Craft,EUR,1310,5,Sun,6.849999997410001,6.1490125650000005,1
866,Home/Garden,EUR,1635,10,Wed,34.6799999988,1.229787234,1
867,Home/Garden,EUR,1635,10,Wed,34.6799999988,1.229787234,1
868,Computer,EUR,1,5,Mon,35.0499999885,1.229824561,1
869,Books,US,3864,7,Mon,9.59,2.99,1
870,Antique/Art/Craft,US,2349,7,Fri,8.0,3.6,1
871,Home/Garden,EUR,1405,10,Mon,17.829999993999998,2.44701379228,1
872,Pottery/Glass,US,380,7,Fri,6.5,4.5,1
873,Clothing/Accessories,EUR,595,7,Mon,36.279999986,1.229830508,1
874,Business/Industrial,US,8101,3,Sun,30.0,0.99,1
875,Antique/Art/Craft,US,2349,7,Mon,8.26,3.6,1
876,Books,US,3613,7,Sun,7.5,3.99,1
877,Toys/Hobbies,US,8100,1,Fri,6.0,4.99,1
878,Music/Movie/Game,GBP,197,7,Thu,17.85,5.355,1
879,Music/Movie/Game,GBP,200,7,Thu,10.71,8.925,1
880,Antique/Art/Craft,US,4390,7,Mon,5.49,5.49,0
881,Antique/Art/Craft,US,4390,7,Mon,5.49,5.49,0
882,Toys/Hobbies,US,3277,3,Sun,10.05,3.0,1
883,Toys/Hobbies,US,3385,7,Sat,6.05,4.99,1
884,Clothing/Accessories,EUR,2016,5,Mon,7.500000001699999,6.08606557515,1
885,Collectibles,US,4398,5,Sun,5.5,5.5,0
886,Toys/Hobbies,EUR,58,7,Sun,6.7599999995,6.7599999995,0
887,Antique/Art/Craft,US,4390,7,Mon,5.52,5.52,0
888,Electronics,EUR,110,5,Sun,37.49999998854,1.229911446,1
889,Clothing/Accessories,EUR,595,7,Mon,37.510000013,1.229836066,1
890,Home/Garden,EUR,1635,10,Wed,37.510000013,1.229836066,1
891,Collectibles,EUR,1179,10,Wed,37.60999999328,1.229888816,1
892,Antique/Art/Craft,US,2349,7,Sun,8.5,3.6,1
893,Antique/Art/Craft,US,2349,7,Mon,8.5,3.6,1
894,Antique/Art/Craft,US,2349,7,Fri,8.5,3.6,1
895,Automotive,US,8101,3,Sun,30.99,0.99,1
896,SportingGoods,US,27132,5,Mon,30.99,0.99,1
897,SportingGoods,US,27132,5,Mon,31.0,0.99,1
898,Antique/Art/Craft,US,2349,7,Tue,8.75,3.6,1
899,Coins/Stamps,GBP,507,7,Thu,57.11,1.766840625,1
900,Computer,EUR,199,7,Sun,19.9800000075,2.4467815393800003,1
901,Antique/Art/Craft,US,2349,7,Mon,9.0,3.6,1
902,Music/Movie/Game,GBP,197,7,Thu,11.6000000025,8.90523077115,1
903,EverythingElse,US,1265,7,Fri,5.7,5.7,0
904,EverythingElse,US,1266,7,Mon,5.7,5.7,0
905,Clothing/Accessories,EUR,595,7,Mon,39.970000005,1.229846154,1
906,Toys/Hobbies,EUR,638,10,Wed,39.970000005,1.229846154,1
907,Antique/Art/Craft,US,2349,7,Tue,9.11,3.6,1
908,Collectibles,US,2220,3,Sat,33.14,0.99,1
909,Clothing/Accessories,EUR,595,7,Mon,40.58000001,1.22969697,1
910,Collectibles,US,25433,3,Sun,5.75,5.75,0
911,Antique/Art/Craft,US,4398,5,Mon,5.75,5.75,0
912,Antique/Art/Craft,US,4390,7,Mon,5.75,5.75,0
913,Antique/Art/Craft,US,2349,7,Mon,9.26,3.6,1
914,Music/Movie/Game,GBP,632,7,Thu,11.960000000900001,8.90752238873,1
915,Clothing/Accessories,EUR,595,10,Sun,41.199999991000006,1.229850746,1
916,SportingGoods,US,31,7,Mon,34.0,0.99,1
917,Collectibles,US,2220,3,Sat,34.06,0.99,1
918,SportingGoods,US,27132,5,Mon,34.12,0.99,1
919,Toys/Hobbies,US,3277,3,Sun,8.5,4.0,1
920,Toys/Hobbies,EUR,58,10,Wed,8.649999998010001,6.152204835,1
921,Antique/Art/Craft,US,2349,7,Tue,9.8,3.6,1
922,Toys/Hobbies,US,3385,7,Sat,11.8,2.99,1
923,Jewelry,US,25433,1,Fri,5.95,5.95,0
924,Home/Garden,EUR,1405,10,Mon,22.14,2.4476999999999998,1
925,Clothing/Accessories,EUR,2038,5,Tue,22.14999999693,2.4474458630699996,1
926,Music/Movie/Game,GBP,265,1,Thu,10.689999997320001,10.689999997320001,0
927,Collectibles,US,76,3,Sun,5.99,5.99,0
928,Toys/Hobbies,US,809,3,Sat,5.99,5.99,0
929,Music/Movie/Game,US,1215,5,Mon,5.99,5.99,0
930,Music/Movie/Game,US,3955,5,Mon,5.99,5.99,0
931,Collectibles,US,4398,5,Sun,5.99,5.99,0
932,Jewelry,US,25433,5,Mon,5.99,5.99,0
933,Health/Beauty,US,1155,7,Fri,5.99,5.99,0
934,Health/Beauty,US,1155,7,Fri,5.99,5.99,0
935,Health/Beauty,US,1155,7,Sat,5.99,5.99,0
936,Health/Beauty,US,1155,7,Sun,5.99,5.99,0
937,Health/Beauty,US,1155,7,Sun,5.99,5.99,0
938,Health/Beauty,US,1155,7,Sun,5.99,5.99,0
939,Health/Beauty,US,1155,7,Tue,5.99,5.99,0
940,Books,US,2191,7,Mon,5.99,5.99,0
941,Music/Movie/Game,US,3227,7,Mon,5.99,5.99,0
942,Antique/Art/Craft,US,4390,7,Mon,5.99,5.99,0
943,Health/Beauty,US,4397,7,Fri,5.99,5.99,0
944,Music/Movie/Game,US,14479,7,Sun,5.99,5.99,0
945,Music/Movie/Game,EUR,1634,10,Mon,7.36999999827,7.36999999827,0
946,Automotive,US,10067,3,Sat,6.0,6.0,0
947,Music/Movie/Game,EUR,657,10,Tue,7.38,7.38,0
948,Collectibles,EUR,1304,10,Fri,7.38,7.38,0
949,Collectibles,EUR,1304,10,Fri,7.38,7.38,0
950,Clothing/Accessories,EUR,1351,5,Sun,44.27999999228,1.229658428,1
951,Home/Garden,EUR,157,7,Fri,22.14999999693,2.459744586,1
952,Clothing/Accessories,US,421,5,Sat,7.25,4.99,1
953,Collectibles,US,2220,3,Sat,36.55,0.99,1
954,Antique/Art/Craft,US,2349,7,Tue,10.11,3.6,1
955,SportingGoods,GBP,955,7,Thu,66.030000015,1.784594595,1
956,Jewelry,EUR,637,10,Tue,15.859999995599999,3.5654263555999997,0
957,Clothing/Accessories,EUR,595,7,Mon,46.1200000125,1.229866667,1
958,Computer,GBP,21,7,Thu,22.32999999522,5.354916066,1
959,Antique/Art/Craft,US,2349,7,Sat,10.5,3.6,1
960,Antique/Art/Craft,US,2349,7,Tue,10.5,3.6,1
961,Collectibles,EUR,1545,10,Wed,23.48000000788,2.44762703068,1
962,Jewelry,EUR,2168,7,Fri,15.929999998499998,3.6288416985,0
963,Collectibles,EUR,4680,7,Tue,15.969999995639999,3.67592763564,0
964,SportingGoods,EUR,5701,10,Tue,15.969999995639999,3.67592763564,0
965,Books,US,3864,7,Mon,6.49,5.99,1
966,Antique/Art/Craft,US,4390,7,Mon,6.53,5.99,1
967,Automotive,EUR,106,7,Sun,49.260000011020004,1.229655517,1
968,Clothing/Accessories,EUR,2016,5,Fri,17.009999998919998,3.5668112795999996,1
969,Collectibles,US,2220,3,Sat,40.56,0.99,1
970,Collectibles,EUR,1179,7,Sun,49.789999987579996,1.229686342,1
971,Clothing/Accessories,EUR,37,5,Mon,49.800000015,1.22962963,1
972,SportingGoods,EUR,109,5,Tue,49.800000015,1.22962963,1
973,SportingGoods,US,27132,5,Mon,41.57,0.99,1
974,Antique/Art/Craft,US,2349,7,Sat,11.5,3.6,1
975,SportingGoods,EUR,109,5,Mon,51.029999991000004,1.229638554,1
976,Clothing/Accessories,EUR,41,7,Fri,51.029999991000004,1.229638554,1
977,Clothing/Accessories,GBP,121,7,Thu,74.96000001,1.76691428595,1
978,Health/Beauty,US,1155,7,Fri,6.45,6.45,0
979,Electronics,EUR,137,10,Sun,51.16999998543,1.229752463,1
980,SportingGoods,US,27132,5,Mon,42.12,0.99,1
981,Music/Movie/Game,US,439,3,Fri,6.47,6.47,0
982,Home/Garden,US,1405,5,Mon,10.5,3.99,1
983,Toys/Hobbies,US,3385,7,Sat,10.5,3.99,1
984,Antique/Art/Craft,US,4390,7,Mon,6.49,6.49,0
985,Toys/Hobbies,US,138,5,Sun,42.58,0.99,1
986,Music/Movie/Game,US,686,7,Sat,6.5,6.5,0
987,Music/Movie/Game,US,686,7,Sat,6.5,6.5,0
988,Music/Movie/Game,US,686,7,Sat,6.5,6.5,0
989,Music/Movie/Game,US,686,7,Sat,6.5,6.5,0
990,Music/Movie/Game,US,686,7,Sat,6.5,6.5,0
991,Music/Movie/Game,US,686,7,Sat,6.5,6.5,0
992,Music/Movie/Game,US,686,7,Sat,6.5,6.5,0
993,Music/Movie/Game,US,686,7,Sat,6.5,6.5,0
994,Music/Movie/Game,US,686,7,Sat,6.5,6.5,0
995,Music/Movie/Game,US,686,7,Sat,6.5,6.5,0
996,Music/Movie/Game,US,686,7,Sat,6.5,6.5,0
997,Music/Movie/Game,US,686,7,Sat,6.5,6.5,0
998,Music/Movie/Game,US,686,7,Sat,6.5,6.5,0
999,Music/Movie/Game,US,686,7,Sat,6.5,6.5,0
1000,Music/Movie/Game,US,686,7,Sat,6.5,6.5,0
1001,Music/Movie/Game,US,686,7,Sat,6.5,6.5,0
1002,Music/Movie/Game,US,686,7,Sat,6.5,6.5,0
1003,Music/Movie/Game,US,686,7,Sat,6.5,6.5,0
1004,Music/Movie/Game,US,686,7,Sat,6.5,6.5,0
1005,Music/Movie/Game,US,686,7,Sat,6.5,6.5,0
1006,Music/Movie/Game,US,686,7,Sat,6.5,6.5,0
1007,Music/Movie/Game,US,686,7,Sat,6.5,6.5,0
1008,Music/Movie/Game,US,686,7,Sat,6.5,6.5,0
1009,Music/Movie/Game,US,686,7,Sat,6.5,6.5,0
1010,Music/Movie/Game,US,686,7,Sat,6.5,6.5,0
1011,Music/Movie/Game,US,686,7,Sat,6.5,6.5,0
1012,Music/Movie/Game,US,686,7,Sat,6.5,6.5,0
1013,Toys/Hobbies,EUR,1197,10,Thu,52.2600000075,1.229647059,1
1014,Antique/Art/Craft,US,2349,7,Mon,11.99,3.6,1
1015,Antique/Art/Craft,US,2349,7,Sat,12.03,3.6,1
1016,Collectibles,EUR,93,10,Tue,54.18000001146,1.229686791,1
1017,Home/Garden,EUR,1405,10,Mon,27.52000000824,2.44704200252,1
1018,Health/Beauty,US,1155,7,Sat,6.95,6.45,1
1019,SportingGoods,US,216,7,Sat,7.5,6.0,1
1020,Antique/Art/Craft,US,2349,7,Mon,12.5,3.6,1
1021,Automotive,EUR,71,7,Sat,55.94000001082001,1.229720818,1
1022,Music/Movie/Game,US,686,7,Sat,7.0,6.5,1
1023,Collectibles,US,81,7,Sat,11.5,3.99,1
1024,Home/Garden,EUR,1405,10,Sun,28.4799999924,2.4471157161,1
1025,SportingGoods,US,1266,7,Tue,6.79,6.79,0
1026,Clothing/Accessories,US,966,7,Fri,15.5,2.99,1
1027,Home/Garden,EUR,118,7,Tue,57.1799999835,1.229677419,1
1028,Antique/Art/Craft,US,2349,7,Mon,13.0,3.6,1
1029,Antique/Art/Craft,US,2349,7,Fri,13.01,3.6,1
1030,Coins/Stamps,US,1054,5,Mon,61.0,0.77,1
1031,SportingGoods,EUR,18,5,Mon,12.910000005,5.532857145,1
1032,Collectibles,US,2220,3,Sat,48.0,0.99,1
1033,Clothing/Accessories,EUR,158,3,Thu,8.4900000027,8.4900000027,0
1034,Antique/Art/Craft,US,2349,7,Tue,13.26,3.6,1
1035,Jewelry,EUR,5701,10,Mon,19.68,3.6777,1
1036,SportingGoods,US,27132,5,Mon,48.37,0.99,1
1037,Automotive,US,351,3,Fri,6.95,6.95,0
1038,Automotive,US,351,3,Fri,6.95,6.95,0
1039,Jewelry,EUR,1139,5,Sun,8.549999997650001,8.549999997650001,0
1040,Home/Garden,EUR,91,10,Tue,59.5199999944,1.229752066,1
1041,SportingGoods,GBP,34,7,Thu,173.119999996,0.892371134,1
1042,Toys/Hobbies,EUR,1911,10,Tue,20.03000000445,3.6764702279500003,1
1043,Music/Movie/Game,US,50,3,Sat,6.99,6.99,0
1044,Toys/Hobbies,US,1375,5,Sat,6.99,6.99,0
1045,Antique/Art/Craft,US,1840,5,Sun,6.99,6.99,0
1046,Automotive,US,1922,5,Mon,6.99,6.99,0
1047,Collectibles,US,2179,5,Sun,6.99,6.99,0
1048,Collectibles,US,2179,5,Sun,6.99,6.99,0
1049,Collectibles,US,2179,5,Sun,6.99,6.99,0
1050,Collectibles,US,2179,5,Sun,6.99,6.99,0
1051,Collectibles,US,2179,5,Sun,6.99,6.99,1
1052,Antique/Art/Craft,US,6655,5,Mon,6.99,6.99,0
1053,Health/Beauty,US,1155,7,Fri,6.99,6.99,0
1054,Health/Beauty,US,1155,7,Mon,6.99,6.99,0
1055,Health/Beauty,US,1155,7,Mon,6.99,6.99,0
1056,Music/Movie/Game,US,2993,7,Tue,6.99,6.99,0
1057,Music/Movie/Game,US,3227,7,Sun,6.99,6.99,0
1058,Collectibles,US,3613,7,Sun,6.99,6.99,0
1059,Clothing/Accessories,US,3613,7,Sun,6.99,6.99,0
1060,Antique/Art/Craft,US,3613,7,Sun,6.99,6.99,0
1061,Antique/Art/Craft,US,4390,7,Fri,6.99,6.99,0
1062,Antique/Art/Craft,US,4390,7,Fri,6.99,6.99,0
1063,Antique/Art/Craft,US,4390,7,Fri,6.99,6.99,0
1064,Antique/Art/Craft,US,4390,7,Fri,6.99,6.99,0
1065,Antique/Art/Craft,US,4390,7,Mon,6.99,6.99,0
1066,Toys/Hobbies,US,9003,7,Mon,6.99,6.99,0
1067,Collectibles,US,25433,7,Sat,6.99,6.99,0
1068,Antique/Art/Craft,US,4390,7,Mon,8.18,5.99,1
1069,Collectibles,US,3277,3,Sun,7.0,7.0,0
1070,Toys/Hobbies,US,22501,5,Mon,7.0,7.0,0
1071,Music/Movie/Game,EUR,205,7,Sun,8.61,8.61,0
1072,Jewelry,EUR,2168,7,Thu,8.61,8.61,0
1073,Toys/Hobbies,US,2944,7,Tue,7.0,7.0,0
1074,Music/Movie/Game,EUR,613,10,Tue,8.61,8.61,0
1075,Antique/Art/Craft,EUR,266,3,Fri,61.000000015999994,1.22983871,1
1076,Antique/Art/Craft,US,3613,7,Sun,12.55,3.99,1
1077,Clothing/Accessories,EUR,393,10,Sat,31.1100000057,2.44699209531,1
1078,Antique/Art/Craft,EUR,266,3,Thu,62.08999999785,1.229748465,1
1079,SportingGoods,US,27132,5,Mon,51.0,0.99,1
1080,Antique/Art/Craft,US,2349,7,Tue,14.5,3.6,1
1081,Health/Beauty,US,1155,7,Sat,7.49,6.99,1
1082,Health/Beauty,US,9003,7,Mon,7.49,6.99,1
1083,Toys/Hobbies,US,8100,1,Fri,10.5,4.99,1
1084,Books,US,3864,7,Tue,10.5,4.99,1
1085,Toys/Hobbies,US,22501,5,Mon,10.5,5.0,1
1086,Toys/Hobbies,EUR,1313,7,Sun,32.71999998747,2.44692972473,1
1087,Antique/Art/Craft,US,2349,7,Fri,15.0,3.6,1
1088,Clothing/Accessories,EUR,2016,7,Sat,9.15999999745,9.15999999745,0
1089,Collectibles,US,2696,7,Mon,11.12,5.0,1
1090,Antique/Art/Craft,US,2349,7,Fri,15.5,3.6,1
1091,Home/Garden,US,3613,7,Sun,8.01,6.99,1
1092,Clothing/Accessories,EUR,1130,10,Fri,17.22,4.92,0
1093,Electronics,EUR,71,10,Sun,69.03999999204001,1.229782686,1
1094,Collectibles,US,2046,5,Fri,7.5,7.5,0
1095,Collectibles,US,2046,5,Fri,7.5,7.5,0
1096,Collectibles,US,2046,5,Fri,7.5,7.5,0
1097,Collectibles,US,2046,5,Fri,7.5,7.5,0
1098,Collectibles,US,2046,5,Fri,7.5,7.5,0
1099,Collectibles,US,2046,5,Fri,7.5,7.5,0
1100,Collectibles,US,2046,5,Fri,7.5,7.5,0
1101,Collectibles,US,2046,5,Fri,7.5,7.5,0
1102,Pottery/Glass,US,2944,7,Tue,7.5,7.5,0
1103,Clothing/Accessories,EUR,393,10,Sun,35.01999998688,2.44697331369,1
1104,Toys/Hobbies,US,1129,10,Sun,56.95,1.0,1
1105,SportingGoods,EUR,1905,10,Tue,14.12999999937,6.148825065,1
1106,Clothing/Accessories,EUR,4153,10,Sat,35.52000001424,2.459833796,1
1107,Collectibles,US,2319,7,Mon,10.01,5.99,1
1108,Collectibles,US,2046,5,Fri,8.0,7.5,1
1109,Collectibles,EUR,1545,10,Tue,37.49999998854,2.44752377754,1
1110,Home/Garden,EUR,56,7,Fri,75.009999991,1.229672131,1
1111,Antique/Art/Craft,US,2349,7,Tue,17.1,3.6,1
1112,Antique/Art/Craft,US,2349,7,Tue,17.1,3.6,1
1113,Antique/Art/Craft,US,2349,7,Tue,17.26,3.6,1
1114,Collectibles,US,2760,10,Sat,62.99,0.99,1
1115,Toys/Hobbies,US,9003,7,Fri,12.5,4.99,1
1116,Electronics,US,405,5,Sun,8.95,6.99,1
1117,SportingGoods,US,27132,5,Mon,63.36,0.99,1
1118,Collectibles,US,2179,5,Sun,9.0,6.99,1
1119,Books,US,212,7,Fri,9.01,6.99,1
1120,Antique/Art/Craft,US,2349,7,Fri,17.51,3.6,1
1121,Automotive,US,351,3,Fri,7.95,7.95,0
1122,Antique/Art/Craft,US,4390,7,Mon,7.95,7.95,1
1123,Clothing/Accessories,EUR,1365,10,Sun,9.77999999805,9.77999999805,0
1124,SportingGoods,US,27132,5,Mon,64.33,0.99,1
1125,Antique/Art/Craft,EUR,266,3,Sat,78.3199999791,1.22970639,1
1126,Music/Movie/Game,US,50,3,Sat,7.99,7.99,0
1127,Music/Movie/Game,US,50,3,Sat,7.99,7.99,0
1128,Music/Movie/Game,US,50,3,Sat,7.99,7.99,1
1129,Health/Beauty,US,1405,3,Sat,7.99,7.99,0
1130,Music/Movie/Game,US,1215,5,Mon,7.99,7.99,0
1131,Music/Movie/Game,US,1215,5,Mon,7.99,7.99,0
1132,Music/Movie/Game,US,1215,5,Mon,7.99,7.99,0
1133,Electronics,US,2132,5,Tue,7.99,7.99,0
1134,Health/Beauty,US,1155,7,Fri,7.99,7.99,0
1135,Health/Beauty,US,1155,7,Sat,7.99,7.99,0
1136,Health/Beauty,US,1155,7,Sat,7.99,7.99,0
1137,Health/Beauty,US,1155,7,Sun,7.99,7.99,0
1138,Health/Beauty,US,1155,7,Sun,7.99,7.99,0
1139,Health/Beauty,US,1155,7,Mon,7.99,7.99,0
1140,Health/Beauty,US,1155,7,Mon,7.99,7.99,0
1141,Toys/Hobbies,US,1375,7,Sun,7.99,7.99,0
1142,Automotive,GBP,1390,7,Thu,14.26000000286,14.26000000286,0
1143,Automotive,GBP,1390,7,Thu,14.26000000286,14.26000000286,0
1144,Home/Garden,US,3613,7,Sun,7.99,7.99,0
1145,Home/Garden,US,3613,7,Sun,7.99,7.99,0
1146,Antique/Art/Craft,US,3613,7,Sun,7.99,7.99,0
1147,Music/Movie/Game,EUR,205,7,Fri,9.84,9.84,0
1148,SportingGoods,US,216,7,Sat,8.0,8.0,0
1149,Antique/Art/Craft,EUR,618,7,Mon,9.84,9.84,0
1150,Antique/Art/Craft,EUR,618,7,Mon,9.84,9.84,0
1151,SportingGoods,EUR,5701,10,Thu,39.35,2.459375,0
1152,Books,GBP,88,7,Thu,15.2600000031,13.36811696178,1
1153,Music/Movie/Game,US,686,7,Sat,9.99,6.5,1
1154,Home/Garden,EUR,200,7,Sun,17.829999993999998,5.5334482739999995,0
1155,Antique/Art/Craft,US,2349,7,Mon,18.26,3.6,1
1156,Antique/Art/Craft,US,2349,7,Fri,18.29,3.6,1
1157,SportingGoods,US,27132,5,Mon,66.65,0.99,1
1158,SportingGoods,EUR,109,7,Wed,81.16000002,1.22969697,1
1159,Electronics,EUR,4,10,Sat,81.16000002,1.22969697,1
1160,Home/Garden,EUR,1405,10,Mon,40.91000000043,2.44697625491,1
1161,Antique/Art/Craft,US,2349,7,Sun,18.61,3.6,1
1162,Home/Garden,EUR,5701,10,Mon,41.199999991000006,2.459701492,1
1163,Antique/Art/Craft,US,4390,7,Mon,8.2,8.2,0
1164,Collectibles,US,2046,5,Fri,9.01,7.5,1
1165,SportingGoods,US,106,3,Fri,67.66,1.0,1
1166,Health/Beauty,US,1155,7,Mon,8.49,7.99,1
1167,Health/Beauty,US,1155,7,Mon,8.5,7.99,1
1168,Music/Movie/Game,GBP,632,7,Thu,24.99,8.90715,1
1169,Automotive,EUR,479,7,Mon,85.92000000801,1.229712323,1
1170,Automotive,US,10,5,Mon,70.0,1.0,1
1171,Antique/Art/Craft,US,2349,7,Mon,19.5,3.6,1
1172,SportingGoods,US,27132,5,Mon,71.0,0.99,1
1173,Toys/Hobbies,US,3385,7,Sat,10.13,6.99,1
1174,Clothing/Accessories,EUR,1581,7,Thu,87.31000001,1.22971831,1
1175,Home/Garden,EUR,1635,10,Wed,87.31000001,1.22971831,1
1176,Collectibles,US,2046,5,Fri,9.5,7.5,1
1177,Antique/Art/Craft,US,2349,7,Sun,20.0,3.6,1
1178,Automotive,US,10067,3,Fri,8.5,8.5,0
1179,Automotive,US,10067,3,Sat,8.5,8.5,0
1180,Collectibles,US,25433,3,Sat,8.5,8.5,0
1181,Collectibles,US,1135,10,Sun,73.52,0.99,1
1182,Clothing/Accessories,EUR,2016,5,Fri,18.3199999949,6.0246979849,0
1183,Clothing/Accessories,EUR,279,10,Tue,18.3199999949,6.0246979849,0
1184,Automotive,GBP,88,7,Thu,18.7400000025,12.47548571595,1
1185,Toys/Hobbies,US,22501,5,Mon,10.5,7.0,1
1186,Clothing/Accessories,EUR,393,10,Sat,45.50000001,2.4471621627,1
1187,Antique/Art/Craft,US,2349,7,Fri,20.5,3.6,1
1188,Clothing/Accessories,EUR,1365,10,Tue,18.3799999981,6.0856856181,0
1189,Clothing/Accessories,EUR,1365,10,Tue,18.3799999981,6.0856856181,0
1190,Clothing/Accessories,EUR,1365,10,Tue,18.3799999981,6.0856856181,0
1191,Clothing/Accessories,EUR,1166,7,Tue,18.42999999676,6.135136756760001,0
1192,Clothing/Accessories,EUR,1166,7,Wed,18.42999999676,6.135136756760001,0
1193,Clothing/Accessories,EUR,1166,7,Tue,18.42999999676,6.135136756760001,0
1194,Health/Beauty,EUR,678,5,Mon,18.45,6.15,0
1195,Antique/Art/Craft,EUR,618,7,Mon,18.45,6.15,0
1196,Home/Garden,EUR,18,10,Sun,18.45,6.15,0
1197,Toys/Hobbies,EUR,907,10,Wed,18.45,6.15,0
1198,Antique/Art/Craft,US,4390,7,Mon,9.47,7.95,1
1199,Music/Movie/Game,US,686,7,Sat,11.67,6.5,1
1200,SportingGoods,US,27132,5,Mon,78.0,0.99,1
1201,Automotive,US,6904,1,Fri,8.87,8.87,0
1202,Music/Movie/Game,US,9003,7,Fri,10.55,7.49,1
1203,Electronics,US,39,3,Sat,80.0,1.0,1
1204,Jewelry,EUR,1139,5,Sun,11.010000002099998,11.010000002099998,1
1205,Clothing/Accessories,EUR,1365,10,Wed,11.010000002099998,11.010000002099998,0
1206,Home/Garden,EUR,1405,10,Sun,49.789999987579996,2.44707582058,1
1207,Music/Movie/Game,US,133,5,Sun,8.99,8.99,0
1208,Music/Movie/Game,US,133,5,Sun,8.99,8.99,0
1209,Health/Beauty,US,1155,7,Fri,8.99,8.99,0
1210,Health/Beauty,US,1155,7,Sun,8.99,8.99,0
1211,Health/Beauty,US,1155,7,Sun,8.99,8.99,0
1212,Health/Beauty,US,1155,7,Sun,8.99,8.99,0
1213,Health/Beauty,US,1155,7,Mon,8.99,8.99,0
1214,Health/Beauty,US,1155,7,Mon,8.99,8.99,0
1215,Health/Beauty,US,1155,7,Mon,8.99,8.99,0
1216,Toys/Hobbies,US,3385,7,Sat,8.99,8.99,0
1217,Toys/Hobbies,US,3385,7,Sat,8.99,8.99,0
1218,Clothing/Accessories,US,3613,7,Sun,8.99,8.99,0
1219,Home/Garden,US,3613,7,Sun,8.99,8.99,0
1220,Jewelry,US,25433,7,Tue,8.99,8.99,0
1221,Music/Movie/Game,US,37727,7,Sun,8.99,8.99,0
1222,Clothing/Accessories,EUR,1349,7,Thu,11.07,11.07,0
1223,Jewelry,EUR,2168,7,Thu,11.07,11.07,0
1224,Jewelry,EUR,5701,10,Mon,11.07,11.07,0
1225,SportingGoods,EUR,5701,10,Thu,11.07,11.07,0
1226,SportingGoods,EUR,5701,10,Fri,11.07,11.07,0
1227,SportingGoods,EUR,5701,10,Fri,11.07,11.07,0
1228,SportingGoods,EUR,5701,10,Fri,11.07,11.07,0
1229,SportingGoods,EUR,5701,10,Tue,11.07,11.07,0
1230,SportingGoods,EUR,5701,10,Sat,11.07,11.07,0
1231,Home/Garden,EUR,5701,10,Fri,11.07,11.07,0
1232,Home/Garden,EUR,5701,10,Mon,11.07,11.07,0
1233,Home/Garden,EUR,5701,10,Mon,11.07,11.07,0
1234,Home/Garden,EUR,5701,10,Wed,11.07,11.07,0
1235,Antique/Art/Craft,US,2349,7,Tue,23.09,3.6,1
1236,Antique/Art/Craft,US,2349,7,Sat,23.15,3.6,1
1237,Health/Beauty,US,1155,7,Sat,10.5,7.99,1
1238,Antique/Art/Craft,US,181,5,Mon,21.08,3.99,1
1239,Music/Movie/Game,US,686,7,Sat,13.0,6.5,1
1240,Jewelry,EUR,2168,7,Sat,11.6700000001,11.0551422551,1
1241,SportingGoods,EUR,5701,10,Mon,11.679999998,11.065263156,1
1242,Jewelry,EUR,5769,10,Sat,11.679999998,11.065263156,1
1243,SportingGoods,US,27132,5,Mon,87.73,0.99,1
1244,Collectibles,US,3385,7,Sat,9.42,9.42,0
1245,Clothing/Accessories,EUR,595,5,Thu,110.53000001651999,1.229750779,1
1246,SportingGoods,EUR,5701,10,Wed,12.3,11.07,1
1247,SportingGoods,EUR,5701,10,Thu,12.310000002299999,11.06793207,1
1248,Books,EUR,1719,7,Sun,12.31999999836,11.065868262,1
1249,Toys/Hobbies,US,22501,5,Mon,9.5,9.5,0
1250,Toys/Hobbies,US,22501,5,Mon,9.5,9.5,0
1251,Music/Movie/Game,US,686,7,Sat,9.5,9.5,0
1252,Music/Movie/Game,US,686,7,Sat,9.5,9.5,0
1253,Music/Movie/Game,US,686,7,Sat,9.5,9.5,0
1254,Music/Movie/Game,US,686,7,Sat,9.5,9.5,0
1255,Music/Movie/Game,US,686,7,Sat,9.5,9.5,1
1256,Electronics,EUR,384,7,Sat,111.91000002000001,1.22978022,1
1257,Toys/Hobbies,US,1375,7,Sat,11.5,7.99,1
1258,Photography,US,12,7,Mon,18.5,5.0,1
1259,Business/Industrial,US,841,7,Sun,13.25,6.99,1
1260,Antique/Art/Craft,EUR,524,5,Mon,114.48000004215001,1.229777635,1
1261,Antique/Art/Craft,US,2349,7,Tue,26.0,3.6,1
1262,Antique/Art/Craft,US,2349,7,Tue,26.01,3.6,1
1263,Antique/Art/Craft,EUR,2507,10,Fri,16.600000005000002,8.5951111137,1
1264,Home/Garden,EUR,157,7,Fri,12.910000005,11.06571429,1
1265,Jewelry,EUR,2168,7,Thu,29.4500000013,4.857098121300001,0
1266,Jewelry,EUR,2168,7,Wed,29.4500000013,4.857098121300001,0
1267,Jewelry,EUR,2168,7,Fri,23.83999999738,6.0860237229,1
1268,Clothing/Accessories,EUR,1130,7,Tue,19.68,7.38,0
1269,Toys/Hobbies,EUR,3375,10,Wed,19.68,7.38,0
1270,Photography,US,121,3,Sun,197.5,0.5,1
1271,Jewelry,EUR,2168,7,Sun,24.6,6.0885,1
1272,Clothing/Accessories,EUR,4153,10,Sat,40.58000001,3.68909091,0
1273,Automotive,US,351,3,Fri,9.95,9.95,0
1274,Music/Movie/Game,US,2286,7,Mon,9.95,9.95,0
1275,Music/Movie/Game,US,2286,7,Mon,9.95,9.95,0
1276,Music/Movie/Game,US,2286,7,Mon,9.95,9.95,0
1277,SportingGoods,US,5180,7,Fri,9.95,9.95,0
1278,Coins/Stamps,US,5564,7,Mon,9.95,9.95,0
1279,Collectibles,US,25433,7,Sat,9.95,9.95,0
1280,Jewelry,US,25433,7,Sat,9.95,9.95,0
1281,Clothing/Accessories,EUR,1365,10,Sun,12.2400000023,12.2400000023,0
1282,Clothing/Accessories,EUR,1365,10,Tue,12.2400000023,12.2400000023,0
1283,Clothing/Accessories,EUR,1365,10,Wed,12.2400000023,12.2400000023,0
1284,Clothing/Accessories,EUR,1365,10,Wed,12.2400000023,12.2400000023,0
1285,Clothing/Accessories,EUR,1365,10,Wed,12.2400000023,12.2400000023,0
1286,Clothing/Accessories,EUR,1365,10,Thu,12.2400000023,12.2400000023,0
1287,Clothing/Accessories,EUR,1365,10,Thu,12.2400000023,12.2400000023,0
1288,Clothing/Accessories,EUR,1365,10,Thu,12.2400000023,12.2400000023,0
1289,Clothing/Accessories,EUR,1365,10,Thu,12.2400000023,12.2400000023,0
1290,Clothing/Accessories,EUR,1365,10,Thu,12.2400000023,12.2400000023,0
1291,Collectibles,EUR,537,10,Thu,13.719999999959999,10.95387096771,1
1292,Automotive,US,18,3,Sat,9.99,9.99,0
1293,Collectibles,US,626,3,Sun,9.99,9.99,0
1294,Home/Garden,US,2169,3,Sun,9.99,9.99,0
1295,Home/Garden,US,2169,3,Sun,9.99,9.99,0
1296,Music/Movie/Game,US,5017,3,Sat,9.99,9.99,1
1297,SportingGoods,US,30594,3,Sun,9.99,9.99,0
1298,Music/Movie/Game,US,133,5,Sun,9.99,9.99,0
1299,Jewelry,EUR,942,5,Sun,12.2899999977,12.2899999977,0
1300,Automotive,US,957,5,Tue,9.99,9.99,0
1301,Home/Garden,US,1127,5,Mon,9.99,9.99,0
1302,Collectibles,US,1265,5,Mon,9.99,9.99,0
1303,Computer,US,1405,5,Mon,9.99,9.99,0
1304,Electronics,EUR,65,7,Thu,12.2899999977,12.2899999977,0
1305,SportingGoods,US,216,7,Sat,9.99,9.99,0
1306,Pottery/Glass,US,541,7,Sun,9.99,9.99,0
1307,Automotive,US,688,7,Sat,9.99,9.99,0
1308,EverythingElse,US,814,7,Mon,9.99,9.99,0
1309,EverythingElse,US,814,7,Mon,9.99,9.99,0
1310,EverythingElse,US,814,7,Mon,9.99,9.99,0
1311,Collectibles,US,985,7,Sun,9.99,9.99,0
1312,Collectibles,US,1256,7,Sun,9.99,9.99,0
1313,Books,US,1256,7,Sun,9.99,9.99,0
1314,Toys/Hobbies,US,1375,7,Sat,9.99,9.99,0
1315,Toys/Hobbies,US,1375,7,Sat,9.99,9.99,0
1316,Toys/Hobbies,US,1375,7,Sat,9.99,9.99,1
1317,Music/Movie/Game,US,2993,7,Tue,9.99,9.99,0
1318,Coins/Stamps,GBP,3380,7,Thu,17.83000000215,17.83000000215,0
1319,Collectibles,US,3385,7,Sat,9.99,9.99,0
1320,Collectibles,US,3385,7,Sat,9.99,9.99,0
1321,Toys/Hobbies,US,3385,7,Sat,9.99,9.99,1
1322,Collectibles,US,3613,7,Sun,9.99,9.99,0
1323,Antique/Art/Craft,US,4390,7,Fri,9.99,9.99,0
1324,Collectibles,EUR,4680,7,Tue,12.2899999977,12.2899999977,0
1325,Clothing/Accessories,US,5450,7,Fri,9.99,9.99,0
1326,Clothing/Accessories,US,5450,7,Sat,9.99,9.99,0
1327,Clothing/Accessories,US,5450,7,Sat,9.99,9.99,0
1328,Jewelry,US,9003,7,Mon,9.99,9.99,0
1329,Automotive,US,9003,7,Mon,9.99,9.99,0
1330,Computer,US,9003,7,Fri,9.99,9.99,0
1331,Music/Movie/Game,US,37727,7,Sun,9.99,9.99,0
1332,Health/Beauty,EUR,83,10,Sun,12.2899999977,12.2899999977,0
1333,Health/Beauty,EUR,83,10,Sun,12.2899999977,12.2899999977,0
1334,EverythingElse,US,1124,10,Mon,9.99,9.99,0
1335,Automotive,EUR,163,10,Sun,122.94999998102,1.229745949,1
1336,Music/Movie/Game,EUR,1853,7,Fri,12.3,12.3,0
1337,Clothing/Accessories,EUR,3375,10,Thu,12.3,12.3,0
1338,Automotive,EUR,163,7,Thu,124.19999997,1.22970297,1
1339,Collectibles,EUR,19,10,Sat,124.19999997,1.22970297,1
1340,Collectibles,US,20,5,Mon,103.55,0.99,1
1341,Electronics,EUR,27,10,Sun,126.660000014,1.229708738,1
1342,Antique/Art/Craft,US,2349,7,Sat,28.87,3.6,1
1343,Jewelry,EUR,1139,3,Fri,12.850000002399998,12.235167466399998,1
1344,Music/Movie/Game,US,1647,5,Mon,10.45,9.95,1
1345,SportingGoods,US,27132,5,Mon,105.5,0.99,1
1346,Music/Movie/Game,US,5017,3,Sat,10.49,9.99,1
1347,SportingGoods,US,5450,7,Sat,10.49,9.99,1
1348,SportingGoods,US,5450,7,Sun,10.49,9.99,1
1349,Business/Industrial,US,8101,3,Sun,10.5,9.99,1
1350,Collectibles,US,985,7,Sun,10.5,9.99,1
1351,Collectibles,EUR,533,7,Fri,25.82000001,6.14761905,1
1352,Collectibles,US,541,7,Sun,10.75,9.99,1
1353,Collectibles,GBP,18,7,Thu,31.979999994880004,10.707589284,1
1354,SportingGoods,US,27132,5,Mon,109.0,0.99,1
1355,Clothing/Accessories,EUR,1365,10,Thu,27.479999992350002,6.08617449495,1
1356,SportingGoods,US,27132,5,Mon,111.95,0.99,1
1357,Health/Beauty,US,1155,7,Sun,12.37,8.99,1
1358,Photography,EUR,182,10,Sun,13.710000004950002,12.28366816587,1
1359,Toys/Hobbies,US,3385,7,Sat,12.5,8.99,1
1360,SportingGoods,US,27132,5,Mon,113.86,0.99,1
1361,Collectibles,US,2220,3,Sat,115.27,0.99,1
1362,Antique/Art/Craft,US,2349,7,Mon,31.76,3.6,1
1363,Antique/Art/Craft,US,4390,7,Mon,11.5,9.99,1
1364,Jewelry,US,9003,7,Fri,11.51,9.99,1
1365,Clothing/Accessories,EUR,595,5,Mon,141.5400000243,1.229713293,1
1366,Clothing/Accessories,EUR,595,5,Mon,142.64999996400002,1.229741379,1
1367,SportingGoods,US,27132,5,Mon,117.5,0.99,1
1368,Toys/Hobbies,US,3385,7,Sat,13.0,8.99,1
1369,Automotive,US,18,3,Sat,29.5,4.0,1
1370,SportingGoods,US,27132,5,Mon,121.0,0.99,1
1371,Jewelry,EUR,2168,7,Sun,13.469999996699999,13.469999996699999,0
1372,Collectibles,US,5257,3,Fri,10.99,10.99,0
1373,Collectibles,US,5257,3,Fri,10.99,10.99,0
1374,Collectibles,US,5257,3,Sat,10.99,10.99,0
1375,Books,US,2191,5,Sun,10.99,10.99,0
1376,EverythingElse,US,4397,7,Fri,10.99,10.99,0
1377,Toys/Hobbies,US,22501,5,Mon,11.0,11.0,0
1378,SportingGoods,US,27132,5,Mon,122.51,0.99,1
1379,SportingGoods,US,27132,5,Mon,122.85,0.99,1
1380,Antique/Art/Craft,US,2349,10,Mon,33.89,3.6,1
1381,Clothing/Accessories,EUR,164,7,Tue,30.6200000124,6.0256224924,0
1382,Home/Garden,EUR,1329,10,Wed,30.6200000124,6.0256224924,0
1383,SportingGoods,US,27132,5,Mon,123.5,0.99,1
1384,Music/Movie/Game,US,3227,7,Mon,12.26,9.99,1
1385,Jewelry,EUR,2168,7,Sat,21.520000005,8.608000002,1
1386,Home/Garden,EUR,157,7,Fri,16.80999999791,11.067300657,1
1387,Health/Beauty,US,1155,7,Mon,15.5,7.99,1
1388,Electronics,US,405,5,Sun,12.5,9.99,1
1389,Toys/Hobbies,US,1375,7,Sat,12.52,9.99,1
1390,Business/Industrial,GBP,404,5,Thu,22.490000001,17.83135714365,1
1391,SportingGoods,US,27132,5,Mon,127.5,0.99,1
1392,SportingGoods,US,27132,5,Mon,128.86,0.99,1
1393,Collectibles,US,166,5,Sun,21.33,6.0,1
1394,Toys/Hobbies,US,1375,7,Sat,12.84,9.99,1
1395,Automotive,US,18,3,Sat,13.0,9.99,1
1396,Automotive,US,584,5,Sat,26.0,5.0,1
1397,Jewelry,US,4556,5,Sat,26.0,5.0,1
1398,Automotive,EUR,305,10,Sun,161.08000003008001,1.229712192,1
1399,Toys/Hobbies,US,22501,5,Mon,13.18,10.0,1
1400,Collectibles,US,25433,7,Sat,11.5,11.5,0
1401,SportingGoods,US,27132,5,Mon,136.49,0.99,1
1402,SportingGoods,US,27132,5,Mon,137.5,0.99,1
1403,Toys/Hobbies,US,22501,5,Mon,14.38,9.5,1
1404,Music/Movie/Game,US,1647,5,Mon,13.95,9.95,1
1405,Collectibles,US,541,7,Sun,15.5,8.99,1
1406,SportingGoods,US,27132,5,Mon,142.53,0.99,1
1407,SportingGoods,US,27132,5,Mon,142.75,0.99,1
1408,Automotive,US,352,3,Sat,11.95,11.95,0
1409,Collectibles,US,3385,7,Sat,11.95,11.95,0
1410,SportingGoods,EUR,5701,10,Mon,19.639999999420002,11.068252974,1
1411,EverythingElse,US,814,3,Fri,11.99,11.99,0
1412,Home/Garden,US,2168,3,Sat,11.99,11.99,0
1413,Collectibles,US,3385,7,Sat,11.99,11.99,0
1414,Collectibles,US,3385,7,Sat,11.99,11.99,0
1415,Collectibles,US,3385,7,Sat,11.99,11.99,0
1416,Collectibles,US,3385,7,Sat,11.99,11.99,0
1417,Collectibles,US,3385,7,Sat,11.99,11.99,0
1418,Automotive,US,10067,3,Fri,12.0,12.0,0
1419,Automotive,US,10067,3,Fri,12.0,12.0,0
1420,Toys/Hobbies,EUR,392,7,Sun,22.14,9.84,0
1421,Jewelry,GBP,593,7,Thu,21.42,21.42,0
1422,Toys/Hobbies,EUR,3375,7,Sun,22.14,9.84,0
1423,Clothing/Accessories,EUR,846,10,Wed,22.14,9.84,0
1424,SportingGoods,US,27132,5,Mon,147.5,0.99,1
1425,Music/Movie/Game,US,686,7,Sat,22.67,6.5,1
1426,Antique/Art/Craft,US,2349,7,Fri,41.51,3.6,1
1427,Collectibles,EUR,2168,7,Tue,20.440000000439998,11.068592057999998,1
1428,Electronics,US,841,5,Mon,30.0,4.99,1
1429,SportingGoods,US,27132,5,Mon,151.5,0.99,1
1430,Coins/Stamps,US,5564,7,Fri,12.25,12.25,0
1431,SportingGoods,US,27132,5,Mon,152.5,0.99,1
1432,Electronics,EUR,844,10,Fri,185.689999949,1.229735099,1
1433,Electronics,EUR,50,5,Fri,186.38000003376,1.229743996,1
1434,Clothing/Accessories,EUR,846,10,Wed,23.4400000078,9.83840504,1
1435,SportingGoods,US,27132,5,Mon,155.99,0.99,1
1436,Automotive,US,523,7,Fri,15.5,9.99,1
1437,Toys/Hobbies,US,1375,7,Sat,15.5,9.99,1
1438,Toys/Hobbies,US,1375,7,Sat,15.5,9.99,1
1439,Collectibles,US,3385,7,Sat,15.55,9.99,1
1440,Collectibles,US,3385,7,Sat,13.0,11.99,1
1441,Automotive,EUR,479,7,Mon,191.84000004,1.22974359,1
1442,Automotive,US,10067,3,Sat,12.5,12.5,0
1443,Collectibles,US,3385,7,Sat,13.05,11.99,1
1444,Collectibles,EUR,709,10,Fri,38.75999998512,6.13618020069,1
1445,Electronics,EUR,10,10,Sat,197.990000033,1.229751553,1
1446,Toys/Hobbies,US,22501,5,Mon,13.0,12.5,1
1447,Home/Garden,EUR,100,10,Fri,25.210000008999998,9.838048784,1
1448,Home/Garden,EUR,100,10,Fri,25.210000008999998,9.838048784,1
1449,Collectibles,US,541,7,Sun,16.5,9.99,1
1450,Antique/Art/Craft,US,131,10,Fri,16.5,9.99,1
1451,Music/Movie/Game,US,5812,5,Tue,12.92,12.92,0
1452,Photography,EUR,6,3,Thu,205.36999999300002,1.229760479,1
1453,Electronics,EUR,825,5,Mon,205.36999999300002,1.229760479,1
1454,Clothing/Accessories,EUR,370,7,Thu,41.21000001405,6.136612953450001,1
1455,Collectibles,US,2220,3,Sat,169.87,0.99,1
1456,Collectibles,US,5257,3,Sat,12.99,12.99,0
1457,Automotive,US,10067,3,Sat,12.99,12.99,0
1458,Jewelry,US,983,5,Mon,12.99,12.99,0
1459,Toys/Hobbies,EUR,3090,10,Tue,23.349999991769998,11.05405476177,0
1460,Home/Garden,EUR,730,5,Tue,23.37,11.07,0
1461,Clothing/Accessories,EUR,1166,7,Wed,23.37,11.07,0
1462,SportingGoods,EUR,5701,10,Sun,23.37,11.07,0
1463,SportingGoods,EUR,5701,10,Mon,23.37,11.07,0
1464,SportingGoods,EUR,5701,10,Mon,23.37,11.07,0
1465,EverythingElse,US,56,7,Mon,175.0,0.99,1
1466,Jewelry,EUR,2168,7,Sun,23.919999991949997,11.006889456449999,1
1467,Automotive,US,206,5,Sun,17.55,9.95,1
1468,Collectibles,US,576,7,Sun,17.5,9.99,1
1469,Health/Beauty,US,1155,7,Fri,13.5,12.99,1
1470,SportingGoods,EUR,5701,10,Thu,23.980000005,11.06769231,1
1471,Music/Movie/Game,US,686,7,Sat,27.17,6.5,1
1472,Collectibles,US,387,7,Sat,36.0,5.0,1
1473,Music/Movie/Game,US,1647,5,Mon,18.25,9.95,1
1474,Toys/Hobbies,US,3277,3,Sun,26.01,7.0,1
1475,Toys/Hobbies,US,22501,5,Mon,14.11,13.0,1
1476,Music/Movie/Game,US,123,7,Tue,37.0,5.0,1
1477,Collectibles,US,988,7,Mon,27.78,6.75,1
1478,Music/Movie/Game,US,1647,5,Mon,18.86,9.95,1
1479,Pottery/Glass,GBP,36,7,Thu,339.09000009,1.76683736889,1
1480,EverythingElse,US,59,3,Sat,19.0,9.99,1
1481,Books,EUR,1719,1,Sat,24.2300000083,11.930507618299998,0
1482,SportingGoods,US,5271,5,Fri,13.95,13.95,0
1483,Collectibles,US,3613,7,Sun,19.49,9.99,1
1484,Music/Movie/Game,US,9003,7,Mon,26.0,7.49,1
1485,Music/Movie/Game,US,1647,5,Mon,19.59,9.95,1
1486,SportingGoods,US,1265,5,Sat,13.99,13.99,0
1487,Jewelry,EUR,2168,7,Mon,27.05000001,11.00443182225,1
1488,Health/Beauty,EUR,678,7,Wed,54.650000008999996,5.4600810090000005,0
1489,Jewelry,EUR,2168,3,Thu,24.53000000325,12.234260653249999,0
1490,Jewelry,EUR,2168,5,Mon,24.53000000325,12.234260653249999,0
1491,Clothing/Accessories,EUR,1122,10,Sat,24.53000000325,12.234260653249999,0
1492,Collectibles,US,3385,7,Sat,16.56,11.99,1
1493,Automotive,US,362,5,Mon,199.0,1.0,1
1494,Clothing/Accessories,EUR,1661,7,Wed,24.579999991929995,12.28385192193,0
1495,Electronics,EUR,69,7,Mon,245.95,1.22975,1
1496,SportingGoods,US,27132,5,Mon,202.36,0.99,1
1497,Antique/Art/Craft,US,2349,7,Mon,56.03,3.6,1
1498,Clothing/Accessories,EUR,2016,5,Sat,49.800000015,6.14814815,1
1499,Books,US,1192,7,Mon,203.5,1.0,1
1500,Collectibles,US,359,7,Tue,20.39,9.99,1
1501,Music/Movie/Game,US,1647,5,Mon,20.5,9.95,1
1502,Music/Movie/Game,US,133,5,Mon,22.76,8.99,1
1503,Pottery/Glass,US,1602,7,Mon,20.5,9.99,1
1504,SportingGoods,EUR,5701,10,Tue,25.219999998760002,12.284144319240001,1
1505,SportingGoods,US,27132,5,Mon,207.86,0.99,1
1506,Music/Movie/Game,US,1215,5,Mon,26.0,7.99,1
1507,Home/Garden,US,3613,7,Sun,16.01,12.99,1
1508,SportingGoods,US,27132,5,Mon,215.5,0.99,1
1509,SportingGoods,US,27132,5,Mon,216.0,0.99,1
1510,Collectibles,US,985,7,Sun,21.61,9.99,1
1511,Home/Garden,EUR,5701,5,Fri,44.269999991999995,7.3783333319999995,0
1512,Home/Garden,EUR,5701,10,Sun,44.269999991999995,7.3783333319999995,0
1513,Toys/Hobbies,US,60,5,Sat,21.65,9.99,1
1514,Electronics,EUR,30,3,Sun,270.54999994,1.229772727,1
1515,SportingGoods,US,302,7,Sun,77.55,2.85,1
1516,Music/Movie/Game,US,5811,3,Sat,14.92,14.92,0
1517,Toys/Hobbies,US,534,7,Sun,14.95,14.95,0
1518,Toys/Hobbies,US,534,7,Sun,14.95,14.95,0
1519,Toys/Hobbies,US,534,7,Sun,14.95,14.95,0
1520,Toys/Hobbies,US,534,7,Sun,14.95,14.95,0
1521,Collectibles,US,25433,7,Fri,14.95,14.95,0
1522,Collectibles,US,25433,7,Fri,14.95,14.95,0
1523,Collectibles,US,25433,7,Fri,14.95,14.95,0
1524,Collectibles,US,25433,7,Fri,14.95,14.95,0
1525,Jewelry,US,25433,7,Fri,14.95,14.95,0
1526,Jewelry,US,25433,7,Fri,14.95,14.95,0
1527,Jewelry,US,25433,7,Fri,14.95,14.95,0
1528,Jewelry,US,25433,7,Fri,14.95,14.95,0
1529,Jewelry,US,25433,7,Fri,14.95,14.95,0
1530,Jewelry,US,25433,7,Fri,14.95,14.95,0
1531,Jewelry,US,25433,7,Fri,14.95,14.95,0
1532,Jewelry,US,25433,7,Fri,14.95,14.95,0
1533,Collectibles,US,5257,3,Fri,14.99,14.99,0
1534,Collectibles,US,5257,3,Fri,14.99,14.99,0
1535,Collectibles,US,5257,3,Sat,14.99,14.99,0
1536,Jewelry,US,790,5,Mon,14.99,14.99,0
1537,Music/Movie/Game,US,1215,5,Tue,14.99,14.99,0
1538,Toys/Hobbies,US,534,7,Sun,14.99,14.99,0
1539,Music/Movie/Game,US,2993,7,Fri,14.99,14.99,0
1540,Music/Movie/Game,US,3306,7,Sun,14.99,14.99,0
1541,Home/Garden,US,3613,7,Sun,14.99,14.99,0
1542,Automotive,US,4457,3,Fri,15.0,15.0,0
1543,Automotive,US,10067,3,Sat,15.0,15.0,0
1544,Toys/Hobbies,US,22501,5,Mon,15.0,15.0,0
1545,SportingGoods,US,27132,5,Mon,227.5,0.99,1
1546,Music/Movie/Game,EUR,5052,10,Wed,30.849999993150004,11.066161815000001,1
1547,Jewelry,EUR,2168,7,Fri,31.360000011000004,11.0067451019,1
1548,Computer,US,3896,1,Fri,230.0,1.0,1
1549,Collectibles,US,366,7,Sat,232.5,0.99,1
1550,Toys/Hobbies,US,25433,7,Fri,15.45,14.95,1
1551,Jewelry,US,25433,7,Fri,15.45,14.95,1
1552,Business/Industrial,US,2168,3,Sat,15.49,14.99,1
1553,Collectibles,US,5257,3,Sat,15.5,14.99,1
1554,Toys/Hobbies,US,22501,5,Mon,15.5,15.0,1
1555,Antique/Art/Craft,US,2349,7,Tue,66.0,3.6,1
1556,Collectibles,US,336,7,Mon,122.5,2.0,1
1557,Toys/Hobbies,US,22501,5,Mon,16.5,15.0,1
1558,Toys/Hobbies,US,1375,7,Sat,25.0,9.99,1
1559,Books,GBP,201,7,Thu,49.78000000781,16.045973469710002,1
1560,Music/Movie/Game,US,5812,5,Tue,15.92,15.92,0
1561,Toys/Hobbies,US,534,7,Sun,17.0,14.95,1
1562,Clothing/Accessories,EUR,278,7,Sat,31.360000011000004,12.28574118078,1
1563,Automotive,US,957,5,Tue,15.99,15.99,0
1564,Toys/Hobbies,US,22501,5,Mon,16.0,16.0,0
1565,Toys/Hobbies,US,22501,5,Mon,16.0,16.0,0
1566,EverythingElse,US,1574,7,Mon,26.07,9.95,1
1567,Toys/Hobbies,US,67,5,Sun,26.0,9.99,1
1568,Collectibles,US,985,7,Sun,26.0,9.99,1
1569,Collectibles,US,1540,7,Sun,26.0,9.99,1
1570,Music/Movie/Game,US,2993,7,Tue,26.0,9.99,1
1571,Music/Movie/Game,US,28,7,Fri,26.0,10.0,1
1572,Health/Beauty,US,109,5,Mon,21.71,11.99,1
1573,SportingGoods,EUR,5701,3,Thu,35.659999987999996,11.066896547999999,0
1574,SportingGoods,EUR,5701,10,Tue,35.659999987999996,11.066896547999999,0
1575,SportingGoods,EUR,5701,10,Sat,35.659999987999996,11.066896547999999,0
1576,Toys/Hobbies,US,534,7,Sun,17.5,14.95,1
1577,Toys/Hobbies,US,534,7,Sun,17.5,14.95,1
1578,Computer,US,24,3,Sat,265.0,0.99,1
1579,Music/Movie/Game,US,2993,7,Fri,17.51,14.99,1
1580,Toys/Hobbies,US,22501,5,Mon,16.5,16.0,1
1581,SportingGoods,US,27132,5,Mon,270.0,0.99,1
1582,SportingGoods,US,27132,5,Mon,270.12,0.99,1
1583,Automotive,US,10067,3,Fri,16.5,16.5,0
1584,Clothing/Accessories,EUR,4641,10,Thu,67.61999998377,6.13609383377,0
1585,SportingGoods,US,134,1,Fri,280.0,0.99,1
1586,Computer,US,112,7,Sun,28.0,9.99,1
1587,Home/Garden,US,3613,7,Sun,31.59,8.99,1
1588,Collectibles,US,5257,3,Fri,16.99,16.99,0
1589,Collectibles,US,5257,3,Fri,16.99,16.99,0
1590,Toys/Hobbies,US,534,7,Sun,19.45,14.95,1
1591,SportingGoods,US,27132,5,Mon,295.0,0.99,1
1592,Clothing/Accessories,EUR,164,7,Tue,36.7699999914,12.1746822714,0
1593,Clothing/Accessories,EUR,164,7,Tue,36.7699999914,12.1746822714,0
1594,Clothing/Accessories,EUR,164,7,Wed,36.7699999914,12.1746822714,0
1595,Clothing/Accessories,EUR,164,7,Tue,36.7699999914,12.1746822714,0
1596,Jewelry,EUR,2168,7,Tue,41.199999991000006,11.068656714000001,1
1597,SportingGoods,US,27132,5,Mon,305.0,0.99,1
1598,Music/Movie/Game,US,3277,3,Sun,33.56,9.0,1
1599,Computer,US,24,3,Sun,306.23,0.99,1
1600,Toys/Hobbies,US,2262,7,Sun,61.59,4.95,1
1601,Collectibles,US,110,1,Fri,31.01,9.99,1
1602,Collectibles,EUR,442,10,Wed,381.52999986025003,1.229750201,1
1603,Electronics,US,148,7,Mon,52.23,5.99,1
1604,Music/Movie/Game,US,2993,7,Fri,21.49,14.99,1
1605,Jewelry,US,2046,7,Fri,17.95,17.95,0
1606,Jewelry,US,2046,7,Fri,17.95,17.95,0
1607,Jewelry,US,2046,7,Fri,17.95,17.95,0
1608,Jewelry,US,2046,7,Fri,17.95,17.95,0
1609,Music/Movie/Game,US,1647,5,Mon,32.51,9.95,1
1610,Automotive,US,2433,3,Fri,18.0,18.0,0
1611,Automotive,US,10067,3,Sat,18.0,18.0,0
1612,Toys/Hobbies,US,22501,5,Mon,20.5,16.0,1
1613,Toys/Hobbies,US,22501,5,Mon,20.51,16.0,1
1614,Collectibles,US,985,7,Sun,33.25,9.99,1
1615,Automotive,US,10067,3,Sat,18.5,18.0,1
1616,SportingGoods,US,1266,5,Sun,18.25,18.25,0
1617,Collectibles,US,985,7,Sun,33.5,9.99,1
1618,Toys/Hobbies,US,634,1,Fri,18.49,18.49,0
1619,Toys/Hobbies,US,25433,7,Sun,18.5,18.5,0
1620,Toys/Hobbies,US,25433,7,Sun,18.5,18.5,0
1621,Home/Garden,US,678,10,Sun,41.0,8.5,1
1622,SportingGoods,GBP,22,7,Thu,62.460000015000006,17.827868575710003,1
1623,Clothing/Accessories,EUR,164,5,Mon,43.6600000025,12.1756056345,1
1624,Clothing/Accessories,EUR,164,7,Tue,43.770000012370005,12.1754144457,1
1625,Clothing/Accessories,EUR,164,7,Tue,44.1500000026,12.175069638600002,1
1626,Home/Garden,EUR,5701,10,Fri,48.59000001387,11.068337133,1
1627,Music/Movie/Game,US,1647,5,Mon,36.0,9.95,1
1628,Toys/Hobbies,US,1848,7,Sun,36.0,9.99,1
1629,Health/Beauty,US,4398,1,Fri,18.99,18.99,0
1630,Clothing/Accessories,US,837,3,Sun,18.99,18.99,0
1631,Automotive,US,10067,3,Fri,18.99,18.99,0
1632,Health/Beauty,US,4398,5,Mon,18.99,18.99,0
1633,Health/Beauty,US,4398,5,Mon,18.99,18.99,0
1634,Automotive,US,1364,7,Mon,18.99,18.99,0
1635,Clothing/Accessories,EUR,37,3,Sat,49.800000015,11.06666667,1
1636,Automotive,US,10067,3,Fri,19.5,19.0,1
1637,Collectibles,US,387,7,Sat,74.75,5.0,1
1638,Automotive,US,10067,3,Sat,19.5,19.5,0
1639,Electronics,EUR,316,10,Wed,59.030000016,9.838333336,0
1640,Clothing/Accessories,EUR,164,5,Mon,49.0699999839,12.175263153900001,0
1641,Clothing/Accessories,EUR,164,7,Wed,49.0699999839,12.175263153900001,0
1642,Clothing/Accessories,EUR,164,7,Wed,49.0699999839,12.175263153900001,1
1643,Jewelry,US,11576,3,Fri,19.95,19.95,0
1644,Jewelry,US,2046,5,Fri,19.95,19.95,0
1645,Jewelry,US,2046,5,Sat,19.95,19.95,0
1646,Computer,US,4028,5,Mon,19.95,19.95,0
1647,Toys/Hobbies,US,534,7,Sun,19.95,19.95,0
1648,Jewelry,US,2046,7,Mon,19.95,19.95,0
1649,Jewelry,US,2046,7,Mon,19.95,19.95,0
1650,Jewelry,US,2046,7,Mon,19.95,19.95,0
1651,Jewelry,US,790,5,Mon,19.99,19.99,0
1652,Automotive,US,957,5,Tue,19.99,19.99,0
1653,Toys/Hobbies,US,1051,5,Sun,19.99,19.99,0
1654,Antique/Art/Craft,US,1220,5,Mon,19.99,19.99,0
1655,Music/Movie/Game,US,2993,7,Fri,19.99,19.99,0
1656,Antique/Art/Craft,US,4390,7,Mon,19.99,19.99,0
1657,Collectibles,US,664,3,Sat,20.0,20.0,0
1658,Home/Garden,EUR,730,5,Tue,24.6,24.6,0
1659,Toys/Hobbies,US,22501,5,Mon,20.0,20.0,0
1660,Toys/Hobbies,US,22501,5,Mon,20.0,20.0,0
1661,Computer,EUR,127,5,Sun,495.57999991038,1.229757562,1
1662,Photography,US,801,3,Sat,26.99,14.99,1
1663,Music/Movie/Game,US,2993,7,Fri,27.17,14.99,1
1664,Electronics,EUR,306,7,Wed,501.31999996012,1.229750282,1
1665,Music/Movie/Game,US,133,5,Mon,45.44,8.99,1
1666,Toys/Hobbies,US,22501,5,Mon,20.5,20.0,1
1667,Toys/Hobbies,US,22501,5,Mon,20.5,20.0,1
1668,Toys/Hobbies,US,22501,5,Mon,20.5,20.0,1
1669,Coins/Stamps,EUR,627,10,Tue,56.570000013999994,11.068043481,1
1670,Computer,US,434,7,Sun,41.5,9.99,1
1671,SportingGoods,US,542,7,Tue,27.95,14.99,1
1672,Toys/Hobbies,US,756,3,Sun,20.5,20.5,0
1673,Electronics,US,2358,5,Mon,42.77,9.99,1
1674,Toys/Hobbies,US,3385,7,Sat,43.0,9.99,1
1675,Music/Movie/Game,GBP,277,7,Thu,76.740000009,17.84651163,1
1676,SportingGoods,US,5271,7,Sat,20.95,20.95,0
1677,Automotive,US,10067,3,Fri,21.0,21.0,0
1678,Automotive,US,10067,3,Fri,21.0,21.0,0
1679,Automotive,US,10067,3,Fri,21.0,21.0,0
1680,Automotive,US,10067,3,Fri,21.0,21.0,0
1681,Automotive,US,10067,3,Sat,21.0,21.0,0
1682,Automotive,US,10067,3,Sat,21.0,21.0,0
1683,Toys/Hobbies,US,22501,5,Mon,22.16,20.0,1
1684,Clothing/Accessories,EUR,164,5,Mon,55.950000015,12.173736267,1
1685,Clothing/Accessories,EUR,164,7,Tue,55.950000015,12.173736267,1
1686,Collectibles,US,3385,7,Sat,38.5,11.99,1
1687,SportingGoods,US,3162,5,Mon,466.0,1.0,1
1688,Automotive,US,501,7,Mon,52.0,9.0,1
1689,SportingGoods,US,4283,5,Mon,23.5,19.99,1
1690,Toys/Hobbies,US,534,7,Sun,23.86,19.95,1
1691,Toys/Hobbies,US,22501,5,Mon,26.56,18.0,1
1692,Automotive,US,83,5,Mon,48.0,9.99,1
1693,Antique/Art/Craft,US,4397,7,Sat,21.99,21.99,0
1694,Automotive,US,816,3,Sat,22.0,22.0,0
1695,Clothing/Accessories,EUR,164,5,Mon,60.6299999892,12.175192695600002,1
1696,Automotive,US,2433,3,Fri,22.5,22.0,1
1697,Jewelry,US,2046,5,Sat,25.0,19.95,1
1698,Clothing/Accessories,EUR,164,7,Tue,62.72000002200001,12.175058827800001,1
1699,Automotive,US,8101,3,Sun,51.0,9.99,1
1700,Collectibles,US,6586,3,Sat,25.49,19.99,1
1701,Toys/Hobbies,US,1820,10,Sun,52.01,9.99,1
1702,Toys/Hobbies,US,1809,7,Sun,26.07,19.99,1
1703,Collectibles,US,5257,3,Sat,31.0,16.95,1
1704,Computer,EUR,127,5,Sat,646.850000152,1.229752852,1
1705,Electronics,US,572,7,Mon,22.95,22.95,0
1706,Electronics,US,572,7,Tue,22.95,22.95,0
1707,SportingGoods,EUR,1405,7,Thu,72.559999972,11.068474572,0
1708,SportingGoods,EUR,1405,7,Thu,72.559999972,11.068474572,0
1709,Toys/Hobbies,US,534,7,Sun,35.75,14.95,1
1710,Automotive,US,10067,3,Fri,23.5,23.0,1
1711,Toys/Hobbies,EUR,58,10,Wed,33.4500000064,24.59558824,1
1712,Music/Movie/Game,EUR,205,7,Fri,33.820000005000004,24.59636364,1
1713,Home/Garden,US,1304,7,Sun,23.5,23.5,0
1714,Jewelry,US,25433,7,Mon,23.5,23.5,0
1715,Toys/Hobbies,US,534,7,Sun,28.0,19.99,1
1716,Clothing/Accessories,EUR,164,7,Tue,73.34999999745,12.173763620699999,1
1717,Clothing/Accessories,EUR,164,5,Mon,73.66000002060001,12.174190320600001,0
1718,Automotive,EUR,32,7,Mon,730.4700001499999,1.229747475,1
1719,Home/Garden,US,1620,10,Mon,60.0,9.95,1
1720,Clothing/Accessories,EUR,164,5,Mon,75.009999991,12.173754096900002,1
1721,Home/Garden,US,354,5,Sun,615.0,0.99,1
1722,Home/Garden,US,280,3,Sat,24.77,24.77,0
1723,Books,GBP,1029,7,Thu,219.51999998099998,8.90573008053,1
1724,Jewelry,US,790,5,Mon,31.0,19.99,1
1725,Automotive,US,351,3,Fri,24.95,24.95,0
1726,Automotive,US,10067,3,Fri,24.95,24.95,0
1727,Jewelry,US,11576,5,Tue,24.95,24.95,0
1728,Toys/Hobbies,US,3385,7,Sat,24.95,24.95,0
1729,Collectibles,US,1779,1,Fri,24.99,24.99,0
1730,Home/Garden,US,4398,3,Sun,24.99,24.99,0
1731,Automotive,US,1163,7,Tue,24.99,24.99,0
1732,Collectibles,US,2944,7,Tue,24.99,24.99,1
1733,Music/Movie/Game,US,3004,7,Sun,24.99,24.99,0
1734,Electronics,US,9747,5,Tue,25.0,25.0,0
1735,Toys/Hobbies,US,5939,10,Mon,25.0,25.0,0
1736,Clothing/Accessories,EUR,164,5,Mon,81.16000002,12.174000003,1
1737,SportingGoods,US,62,5,Mon,66.0,9.99,1
1738,Collectibles,US,359,7,Mon,66.0,9.99,1
1739,Toys/Hobbies,US,534,7,Sun,33.0,19.99,1
1740,Automotive,EUR,45,5,Mon,863.28000018,1.22974359,1
1741,Toys/Hobbies,US,88,5,Mon,71.0,9.99,1
1742,Automotive,EUR,536,10,Tue,97.149999965,11.067721515,0
1743,Books,US,8,5,Sun,47.78,15.0,1
1744,Electronics,US,148,7,Mon,120.5,5.99,1
1745,Health/Beauty,US,1155,7,Sun,26.99,26.99,0
1746,Antique/Art/Craft,US,4390,7,Fri,27.0,27.0,0
1747,Coins/Stamps,US,5564,7,Fri,27.0,27.0,0
1748,Collectibles,US,985,7,Sun,75.0,9.99,1
1749,Collectibles,US,5257,3,Sat,27.95,27.95,0
1750,SportingGoods,US,17,7,Sun,79.0,9.99,1
1751,Clothing/Accessories,EUR,164,7,Tue,98.2599999966,12.1748936166,0
1752,Collectibles,US,704,7,Mon,32.03,24.99,1
1753,Toys/Hobbies,US,534,7,Sun,41.0,19.95,1
1754,Automotive,US,112,5,Mon,28.99,28.99,0
1755,Automotive,US,816,5,Mon,29.0,29.0,0
1756,Clothing/Accessories,US,1100,3,Sun,86.0,9.99,1
1757,Electronics,US,2358,5,Mon,86.0,9.99,1
1758,Collectibles,US,3325,3,Sat,86.04,9.99,1
1759,Collectibles,US,957,3,Sat,87.67,9.99,1
1760,Toys/Hobbies,US,534,7,Sun,29.95,29.95,0
1761,Photography,US,572,7,Tue,29.95,29.95,0
1762,Toys/Hobbies,US,3385,7,Sat,29.95,29.95,0
1763,Toys/Hobbies,US,3385,7,Sat,29.95,29.95,0
1764,Home/Garden,US,841,3,Sat,29.99,29.99,0
1765,Toys/Hobbies,US,534,7,Sun,29.99,29.99,0
1766,Collectibles,GBP,1147,7,Thu,53.52000000135,53.52000000135,0
1767,Health/Beauty,US,1155,7,Sun,29.99,29.99,0
1768,Collectibles,US,1256,7,Mon,29.99,29.99,0
1769,Coins/Stamps,US,5564,7,Sat,29.99,29.99,0
1770,Music/Movie/Game,EUR,7,3,Sat,36.89000001,36.89000001,0
1771,Toys/Hobbies,US,2218,3,Sun,30.0,30.0,0
1772,Photography,US,572,5,Mon,30.0,30.0,0
1773,Automotive,US,33,7,Fri,91.0,10.0,1
1774,Clothing/Accessories,EUR,164,7,Tue,118.060000032,12.1749375033,1
1775,Collectibles,US,6787,7,Sun,56.0,16.99,1
1776,Automotive,US,1364,5,Sun,30.95,30.95,0
1777,Automotive,US,361,1,Fri,31.0,31.0,0
1778,Home/Garden,US,933,1,Fri,51.0,19.99,1
1779,Music/Movie/Game,GBP,277,7,Thu,182.039999964,17.84705882,1
1780,SportingGoods,US,5271,7,Sun,31.95,31.95,0
1781,Automotive,US,4457,7,Mon,32.0,32.0,0
1782,Toys/Hobbies,US,534,7,Sun,34.66,29.95,1
1783,Automotive,US,29,5,Mon,43.0,24.99,1
1784,Toys/Hobbies,US,22501,5,Mon,35.99,30.0,1
1785,Automotive,US,352,5,Sun,32.95,32.95,0
1786,Antique/Art/Craft,US,4390,7,Mon,32.95,32.95,0
1787,Electronics,US,2358,5,Mon,114.5,9.99,1
1788,Toys/Hobbies,US,2304,7,Mon,37.0,31.0,1
1789,Automotive,US,2427,3,Sat,33.95,33.95,0
1790,Automotive,US,2427,3,Sun,33.95,33.95,0
1791,Automotive,US,2427,3,Sun,33.95,33.95,0
1792,Computer,US,320,3,Sat,117.5,9.99,1
1793,Computer,US,320,3,Sat,120.99,9.99,1
1794,Automotive,US,671,5,Sun,34.95,34.95,0
1795,Collectibles,US,25433,5,Sun,34.95,34.95,0
1796,Toys/Hobbies,US,1405,3,Sat,34.99,34.99,0
1797,Music/Movie/Game,US,3004,7,Sun,34.99,34.99,0
1798,Music/Movie/Game,US,3004,7,Sun,34.99,34.99,0
1799,Music/Movie/Game,US,3004,7,Sun,34.99,34.99,0
1800,Music/Movie/Game,US,3004,7,Sun,34.99,34.99,0
1801,Automotive,US,4457,7,Tue,35.0,35.0,0
1802,Computer,US,320,3,Sat,124.5,9.99,1
1803,Toys/Hobbies,US,180,7,Sat,51.0,24.95,1
1804,SportingGoods,US,62,5,Mon,127.63,9.99,1
1805,Music/Movie/Game,US,3004,7,Sun,36.99,34.99,1
1806,Automotive,US,1364,7,Tue,35.99,35.99,0
1807,Coins/Stamps,US,5564,5,Mon,36.0,36.0,0
1808,Toys/Hobbies,US,1222,5,Mon,43.78,30.0,1
1809,Automotive,US,2427,3,Sun,38.95,33.95,1
1810,Coins/Stamps,US,5564,5,Mon,37.0,37.0,0
1811,Music/Movie/Game,US,3004,7,Sun,40.0,34.99,1
1812,Automotive,US,10067,3,Fri,37.95,37.95,0
1813,Toys/Hobbies,US,29,7,Sat,150.0,9.99,1
1814,Clothing/Accessories,US,2944,7,Tue,60.0,24.99,1
1815,Automotive,US,29,1,Fri,300.0,5.0,1
1816,Automotive,US,2427,3,Sun,38.99,38.99,0
1817,Automotive,US,2427,3,Sun,38.99,38.99,0
1818,Automotive,US,2427,3,Sun,38.99,38.99,0
1819,Collectibles,US,5,5,Sun,77.0,19.99,1
1820,Music/Movie/Game,US,3004,7,Sun,44.01,34.99,1
1821,Automotive,US,10067,3,Sat,39.5,39.5,0
1822,Automotive,US,715,5,Tue,39.5,39.5,0
1823,Automotive,US,671,5,Sun,39.95,39.95,0
1824,Automotive,US,671,5,Sun,39.95,39.95,0
1825,EverythingElse,US,1663,3,Sat,39.99,39.99,0
1826,Toys/Hobbies,US,22501,5,Mon,40.0,40.0,1
1827,Computer,US,320,3,Sat,162.5,9.99,1
1828,Collectibles,US,696,7,Sun,163.0,9.99,1
1829,Toys/Hobbies,US,507,7,Sun,163.72,9.99,1
1830,SportingGoods,US,1,7,Fri,65.87,25.0,1
1831,Toys/Hobbies,US,534,7,Sun,47.52,34.95,1
1832,Electronics,US,2358,5,Mon,167.5,9.99,1
1833,Antique/Art/Craft,US,4390,7,Mon,41.49,41.49,0
1834,Automotive,US,1364,7,Tue,42.0,42.0,0
1835,Home/Garden,US,1162,5,Mon,177.5,9.99,1
1836,Photography,US,475,7,Tue,71.0,25.0,1
1837,Music/Movie/Game,US,3004,7,Sun,51.0,34.99,1
1838,Toys/Hobbies,US,648,5,Mon,48.0,39.0,1
1839,Automotive,US,10067,3,Fri,43.5,43.5,0
1840,Automotive,US,10067,3,Fri,43.5,43.5,0
1841,Toys/Hobbies,US,534,7,Sun,65.29,29.95,1
1842,Automotive,US,1,5,Sat,197.5,9.99,1
1843,Automotive,US,671,5,Sun,44.95,44.95,0
1844,Automotive,US,671,5,Sun,44.95,44.95,0
1845,Automotive,US,1135,3,Sun,202.5,9.99,1
1846,Music/Movie/Game,US,3004,7,Sun,44.99,44.99,0
1847,Electronics,US,2358,5,Mon,222.5,9.99,1
1848,Automotive,US,671,5,Sun,47.5,47.5,0
1849,Automotive,US,671,5,Sun,47.5,47.5,0
1850,Automotive,US,8,7,Sat,91.0,25.0,1
1851,Automotive,US,2992,3,Fri,49.95,49.95,0
1852,Automotive,US,352,5,Sun,49.95,49.95,0
1853,Toys/Hobbies,US,3385,7,Sat,49.95,49.95,0
1854,Toys/Hobbies,US,3385,7,Sat,49.95,49.95,0
1855,Automotive,US,10067,3,Fri,49.99,49.99,0
1856,Toys/Hobbies,US,534,7,Sun,49.99,49.99,0
1857,Music/Movie/Game,US,3004,7,Sun,49.99,49.99,0
1858,Home/Garden,US,552,3,Sun,50.0,50.0,1
1859,Books,US,2191,7,Tue,50.0,50.0,1
1860,Music/Movie/Game,US,3004,7,Sun,63.0,39.99,1
1861,Books,US,1560,7,Tue,256.0,9.99,1
1862,SportingGoods,US,1,7,Fri,52.0,50.0,1
1863,Coins/Stamps,US,5564,5,Sat,52.0,52.0,0
1864,Automotive,US,671,5,Sun,61.0,44.95,1
1865,Books,US,2191,7,Mon,56.0,50.0,1
1866,Antique/Art/Craft,US,2944,7,Tue,56.02,49.99,1
1867,SportingGoods,US,1,7,Fri,81.0,35.0,1
1868,Collectibles,US,985,7,Sun,285.0,9.99,1
1869,SportingGoods,US,27132,5,Mon,60.0,49.0,1
1870,Automotive,US,671,5,Sun,66.77,44.95,1
1871,Toys/Hobbies,US,1321,3,Sat,152.5,19.99,1
1872,Automotive,US,1948,7,Fri,157.54,19.95,1
1873,Business/Industrial,US,812,7,Sun,63.0,49.99,1
1874,Automotive,US,10067,3,Sat,57.0,57.0,0
1875,Coins/Stamps,US,5564,7,Sat,59.0,59.0,0
1876,Automotive,US,2992,3,Fri,59.95,59.95,0
1877,Automotive,US,133,7,Sat,104.49,35.0,1
1878,Music/Movie/Game,US,3004,7,Sun,63.0,59.99,1
1879,Collectibles,US,6945,7,Mon,392.51,9.99,1
1880,Music/Movie/Game,US,3004,7,Sun,66.0,59.99,1
1881,Automotive,US,1364,5,Sun,65.95,65.95,0
1882,Automotive,US,3246,3,Sat,67.95,67.95,0
1883,Clothing/Accessories,EUR,668,10,Tue,166.02000003,43.04222223,1
1884,Automotive,US,2992,5,Sun,74.0,65.0,1
1885,Electronics,US,8,5,Tue,69.99,69.99,1
1886,Collectibles,US,52,7,Mon,491.0,9.99,1
1887,Coins/Stamps,US,5564,5,Mon,73.0,73.0,0
1888,Photography,US,320,3,Sun,560.0,9.99,1
1889,Business/Industrial,EUR,6,7,Mon,276.689999925,30.743333325,0
1890,Automotive,US,1364,7,Mon,76.5,76.5,0
1891,Automotive,US,2992,3,Fri,79.0,79.0,1
1892,Toys/Hobbies,US,3385,7,Sat,79.95,79.95,0
1893,Electronics,US,2358,5,Mon,79.99,79.99,0
1894,Pottery/Glass,US,993,7,Sat,79.99,79.99,0
1895,Pottery/Glass,US,993,7,Sat,80.99,79.99,1
1896,Pottery/Glass,US,993,7,Sat,80.99,79.99,1
1897,Automotive,US,2992,5,Sun,82.95,82.95,0
1898,Automotive,US,1364,5,Sun,83.95,83.95,0
1899,Automotive,US,2992,5,Sun,86.0,82.95,1
1900,Automotive,US,1364,5,Sun,85.0,85.0,0
1901,Automotive,US,146,7,Tue,85.0,85.0,0
1902,Toys/Hobbies,US,534,7,Sun,103.5,69.99,1
1903,Automotive,US,2992,5,Sun,93.0,82.95,1
1904,Automotive,US,1364,7,Tue,89.0,89.0,0
1905,Collectibles,US,590,10,Fri,797.0,9.95,1
1906,Automotive,US,146,3,Fri,89.95,89.95,0
1907,Automotive,US,2992,3,Fri,89.95,89.95,0
1908,Automotive,US,2992,3,Fri,89.95,89.95,0
1909,Automotive,US,2992,3,Fri,89.95,89.95,0
1910,Automotive,US,2992,3,Fri,89.95,89.95,0
1911,Automotive,US,2992,3,Fri,89.95,89.95,0
1912,Automotive,US,146,5,Mon,89.95,89.95,0
1913,Automotive,US,1364,5,Sun,89.95,89.95,0
1914,Automotive,US,1364,7,Tue,90.0,90.0,0
1915,Automotive,US,10,5,Tue,170.5,50.0,1
1916,Automotive,US,2992,3,Fri,99.09,89.95,1
1917,Automotive,US,2992,3,Fri,95.0,95.0,0
1918,Automotive,US,146,5,Mon,95.0,95.0,0
1919,Electronics,US,156,7,Fri,187.5,50.0,1
1920,Photography,US,14,5,Sat,971.0,9.99,1
1921,Electronics,EUR,7,3,Sat,222.58000001699997,67.63480663499999,1
1922,Automotive,US,2992,3,Fri,99.95,99.95,0
1923,Automotive,US,2992,3,Fri,99.95,99.95,0
1924,Pottery/Glass,US,993,7,Sat,99.99,99.99,0
1925,Pottery/Glass,US,993,7,Sat,99.99,99.99,0
1926,Pottery/Glass,US,993,7,Sat,99.99,99.99,0
1927,Pottery/Glass,US,993,7,Sat,99.99,99.99,0
1928,Pottery/Glass,US,993,7,Sat,99.99,99.99,0
1929,Automotive,US,1131,10,Sun,100.0,100.0,0
1930,Toys/Hobbies,US,301,7,Sat,117.5,93.63,1
1931,Automotive,US,1364,5,Sun,108.0,108.0,0
1932,Toys/Hobbies,US,534,7,Sun,154.23,79.99,1
1933,Antique/Art/Craft,GBP,378,7,Thu,237.369999986,169.54999999,1
1934,Automotive,US,146,5,Sun,115.0,115.0,0
1935,Automotive,US,1364,7,Tue,117.0,117.0,0
1936,Clothing/Accessories,EUR,668,7,Fri,313.59000003,67.63705883,0
1937,Automotive,US,2992,3,Fri,121.5,119.0,1
1938,Toys/Hobbies,US,251,1,Fri,145.0,99.99,1
1939,Automotive,US,2992,3,Fri,122.5,119.0,1
1940,Photography,US,33,7,Fri,167.5,90.0,1
1941,Automotive,US,1364,7,Tue,128.0,128.0,0
1942,Automotive,US,1364,7,Tue,128.0,128.0,0
1943,Business/Industrial,US,48,3,Fri,177.5,100.0,1
1944,Automotive,US,1364,7,Mon,135.0,132.0,1
1945,Automotive,US,1364,7,Tue,134.0,134.0,0
1946,Coins/Stamps,US,5564,5,Sat,135.0,135.0,0
1947,Collectibles,US,325,10,Sun,389.0,50.0,1
1948,Electronics,EUR,13,10,Wed,250.870000008,122.97549020000001,1
1949,Electronics,EUR,13,7,Sun,278.28999996920004,122.9739284,1
1950,Pottery/Glass,US,993,7,Sat,159.99,159.99,0
1951,Automotive,US,2992,3,Fri,169.0,169.0,0
1952,Coins/Stamps,US,5564,3,Sat,175.0,175.0,0
1953,Computer,US,67,7,Sun,227.5,150.0,1
1954,SportingGoods,US,71,7,Sat,730.0,50.0,1
1955,Coins/Stamps,US,5564,5,Sun,192.0,192.0,0
1956,Collectibles,US,993,7,Mon,199.99,199.99,0
1957,Electronics,US,2358,5,Mon,202.5,199.99,1
1958,Books,US,155,7,Mon,421.0,99.99,1
1959,Automotive,US,2992,5,Sun,229.5,199.0,1
1960,Collectibles,US,862,5,Sat,219.0,219.0,0
1961,Automotive,US,374,7,Mon,545.0,100.0,1
1962,Automotive,US,0,10,Sun,590.0,99.0,1
1963,Automotive,EUR,4,10,Sun,780.889999685,122.9748031,1
1964,SportingGoods,US,1,7,Fri,417.99,200.0,1
1965,Automotive,US,97,3,Fri,290.0,290.0,0
1966,Automotive,US,142,7,Sat,521.55,200.0,1
1967,Automotive,US,2992,5,Sun,359.95,359.95,0
1968,Automotive,US,21,5,Sat,610.0,300.0,1
1969,Automotive,US,1400,5,Mon,549.0,549.0,0
1970,Automotive,US,57,7,Fri,820.0,650.0,1
1971,Automotive,US,145,7,Sat,999.0,999.0,0
